Customer ID;Channel;Region;Value;Category;Range
1;2;3;12669;Fresh;13000
2;2;3;7057;Fresh;7000
3;2;3;6353;Fresh;6000
4;1;3;13265;Fresh;13000
5;2;3;22615;Fresh;23000
6;2;3;9413;Fresh;9000
7;2;3;12126;Fresh;12000
8;2;3;7579;Fresh;8000
9;1;3;5963;Fresh;6000
10;2;3;6006;Fresh;6000
11;2;3;3366;Fresh;3000
12;2;3;13146;Fresh;13000
13;2;3;31714;Fresh;32000
14;2;3;21217;Fresh;21000
15;2;3;24653;Fresh;25000
16;1;3;10253;Fresh;10000
17;2;3;1020;Fresh;1000
18;1;3;5876;Fresh;6000
19;2;3;18601;Fresh;19000
20;1;3;7780;Fresh;8000
21;2;3;17546;Fresh;18000
22;1;3;5567;Fresh;6000
23;1;3;31276;Fresh;31000
24;2;3;26373;Fresh;26000
25;2;3;22647;Fresh;23000
26;2;3;16165;Fresh;16000
27;1;3;9898;Fresh;10000
28;1;3;14276;Fresh;14000
29;2;3;4113;Fresh;4000
30;1;3;43088;Fresh;43000
31;1;3;18815;Fresh;19000
32;1;3;2612;Fresh;3000
33;1;3;21632;Fresh;22000
34;1;3;29729;Fresh;30000
35;1;3;1502;Fresh;2000
36;2;3;688;Fresh;1000
37;1;3;29955;Fresh;30000
38;2;3;15168;Fresh;15000
39;2;3;4591;Fresh;5000
40;1;3;56159;Fresh;56000
41;1;3;24025;Fresh;24000
42;1;3;19176;Fresh;19000
43;2;3;10850;Fresh;11000
44;2;3;630;Fresh;1000
45;2;3;9670;Fresh;10000
46;2;3;5181;Fresh;5000
47;2;3;3103;Fresh;3000
48;2;3;44466;Fresh;44000
49;2;3;11519;Fresh;12000
50;2;3;4967;Fresh;5000
51;1;3;6269;Fresh;6000
52;1;3;3347;Fresh;3000
53;2;3;40721;Fresh;41000
54;2;3;491;Fresh;0
55;1;3;27329;Fresh;27000
56;1;3;5264;Fresh;5000
57;2;3;4098;Fresh;4000
58;2;3;5417;Fresh;5000
59;1;3;13779;Fresh;14000
60;1;3;6137;Fresh;6000
61;2;3;8590;Fresh;9000
62;2;3;35942;Fresh;36000
63;2;3;7823;Fresh;8000
64;2;3;9396;Fresh;9000
65;1;3;4760;Fresh;5000
66;2;3;85;Fresh;0
67;1;3;9;Fresh;0
68;2;3;19913;Fresh;20000
69;1;3;2446;Fresh;2000
70;1;3;8352;Fresh;8000
71;1;3;16705;Fresh;17000
72;1;3;18291;Fresh;18000
73;1;3;4420;Fresh;4000
74;2;3;19899;Fresh;20000
75;2;3;8190;Fresh;8000
76;1;3;20398;Fresh;20000
77;1;3;717;Fresh;1000
78;2;3;12205;Fresh;12000
79;1;3;10766;Fresh;11000
80;1;3;1640;Fresh;2000
81;1;3;7005;Fresh;7000
82;2;3;219;Fresh;0
83;2;3;10362;Fresh;10000
84;1;3;20874;Fresh;21000
85;2;3;11867;Fresh;12000
86;2;3;16117;Fresh;16000
87;2;3;22925;Fresh;23000
88;1;3;43265;Fresh;43000
89;1;3;7864;Fresh;8000
90;1;3;24904;Fresh;25000
91;1;3;11405;Fresh;11000
92;1;3;12754;Fresh;13000
93;2;3;9198;Fresh;9000
94;1;3;11314;Fresh;11000
95;2;3;5626;Fresh;6000
96;1;3;3;Fresh;0
97;2;3;23;Fresh;0
98;1;3;403;Fresh;0
99;1;3;503;Fresh;1000
100;1;3;9658;Fresh;10000
101;2;3;11594;Fresh;12000
102;2;3;1420;Fresh;1000
103;2;3;2932;Fresh;3000
104;1;3;56082;Fresh;56000
105;1;3;14100;Fresh;14000
106;1;3;15587;Fresh;16000
107;2;3;1454;Fresh;1000
108;2;3;8797;Fresh;9000
109;2;3;1531;Fresh;2000
110;2;3;1406;Fresh;1000
111;1;3;11818;Fresh;12000
112;2;3;12579;Fresh;13000
113;1;3;19046;Fresh;19000
114;1;3;14438;Fresh;14000
115;1;3;18044;Fresh;18000
116;1;3;11134;Fresh;11000
117;1;3;11173;Fresh;11000
118;1;3;6990;Fresh;7000
119;1;3;20049;Fresh;20000
120;1;3;8258;Fresh;8000
121;1;3;17160;Fresh;17000
122;1;3;4020;Fresh;4000
123;1;3;12212;Fresh;12000
124;2;3;11170;Fresh;11000
125;1;3;36050;Fresh;36000
126;1;3;76237;Fresh;76000
127;1;3;19219;Fresh;19000
128;2;3;21465;Fresh;21000
129;1;3;140;Fresh;0
130;1;3;42312;Fresh;42000
131;1;3;7149;Fresh;7000
132;1;3;2101;Fresh;2000
133;1;3;14903;Fresh;15000
134;1;3;9434;Fresh;9000
135;1;3;7388;Fresh;7000
136;1;3;6300;Fresh;6000
137;1;3;4625;Fresh;5000
138;1;3;3087;Fresh;3000
139;1;3;13537;Fresh;14000
140;1;3;5387;Fresh;5000
141;1;3;17623;Fresh;18000
142;1;3;30379;Fresh;30000
143;1;3;37036;Fresh;37000
144;1;3;10405;Fresh;10000
145;1;3;18827;Fresh;19000
146;2;3;22039;Fresh;22000
147;1;3;7769;Fresh;8000
148;1;3;9203;Fresh;9000
149;1;3;5924;Fresh;6000
150;1;3;31812;Fresh;32000
151;1;3;16225;Fresh;16000
152;1;3;1289;Fresh;1000
153;1;3;18840;Fresh;19000
154;1;3;3463;Fresh;3000
155;1;3;622;Fresh;1000
156;2;3;1989;Fresh;2000
157;2;3;3830;Fresh;4000
158;1;3;17773;Fresh;18000
159;2;3;2861;Fresh;3000
160;2;3;355;Fresh;0
161;2;3;1725;Fresh;2000
162;1;3;12434;Fresh;12000
163;1;3;15177;Fresh;15000
164;2;3;5531;Fresh;6000
165;2;3;5224;Fresh;5000
166;2;3;15615;Fresh;16000
167;2;3;4822;Fresh;5000
168;1;3;2926;Fresh;3000
169;1;3;5809;Fresh;6000
170;1;3;5414;Fresh;5000
171;2;3;260;Fresh;0
172;2;3;200;Fresh;0
173;1;3;955;Fresh;1000
174;2;3;514;Fresh;1000
175;1;3;286;Fresh;0
176;2;3;2343;Fresh;2000
177;1;3;45640;Fresh;46000
178;1;3;12759;Fresh;13000
179;1;3;11002;Fresh;11000
180;1;3;3157;Fresh;3000
181;1;3;12356;Fresh;12000
182;1;3;112151;Fresh;112000
183;1;3;694;Fresh;1000
184;1;3;36847;Fresh;37000
185;1;3;327;Fresh;0
186;1;3;8170;Fresh;8000
187;1;3;3009;Fresh;3000
188;1;3;2438;Fresh;2000
189;2;3;8040;Fresh;8000
190;2;3;834;Fresh;1000
191;1;3;16936;Fresh;17000
192;1;3;13624;Fresh;14000
193;1;3;5509;Fresh;6000
194;2;3;180;Fresh;0
195;1;3;7107;Fresh;7000
196;1;3;17023;Fresh;17000
197;1;1;30624;Fresh;31000
198;2;1;2427;Fresh;2000
199;1;1;11686;Fresh;12000
200;1;1;9670;Fresh;10000
201;2;1;3067;Fresh;3000
202;2;1;4484;Fresh;4000
203;1;1;25203;Fresh;25000
204;1;1;583;Fresh;1000
205;1;1;1956;Fresh;2000
206;2;1;1107;Fresh;1000
207;1;1;6373;Fresh;6000
208;2;1;2541;Fresh;3000
209;1;1;1537;Fresh;2000
210;2;1;5550;Fresh;6000
211;1;1;18567;Fresh;19000
212;2;1;12119;Fresh;12000
213;1;1;7291;Fresh;7000
214;1;1;3317;Fresh;3000
215;2;1;2362;Fresh;2000
216;1;1;2806;Fresh;3000
217;2;1;2532;Fresh;3000
218;1;1;18044;Fresh;18000
219;2;1;18;Fresh;0
220;1;1;4155;Fresh;4000
221;1;1;14755;Fresh;15000
222;1;1;5396;Fresh;5000
223;1;1;5041;Fresh;5000
224;2;1;2790;Fresh;3000
225;1;1;7274;Fresh;7000
226;1;1;12680;Fresh;13000
227;2;1;20782;Fresh;21000
228;1;1;4042;Fresh;4000
229;1;1;1869;Fresh;2000
230;1;1;8656;Fresh;9000
231;2;1;11072;Fresh;11000
232;1;1;2344;Fresh;2000
233;1;1;25962;Fresh;26000
234;1;1;964;Fresh;1000
235;1;1;15603;Fresh;16000
236;1;1;1838;Fresh;2000
237;1;1;8635;Fresh;9000
238;1;1;18692;Fresh;19000
239;1;1;7363;Fresh;7000
240;1;1;47493;Fresh;47000
241;1;1;22096;Fresh;22000
242;1;1;24929;Fresh;25000
243;1;1;18226;Fresh;18000
244;1;1;11210;Fresh;11000
245;1;1;6202;Fresh;6000
246;2;1;3062;Fresh;3000
247;1;1;8885;Fresh;9000
248;1;1;13569;Fresh;14000
249;1;1;15671;Fresh;16000
250;1;1;8040;Fresh;8000
251;1;1;3191;Fresh;3000
252;2;1;6134;Fresh;6000
253;1;1;6623;Fresh;7000
254;1;1;29526;Fresh;30000
255;1;1;10379;Fresh;10000
256;1;1;31614;Fresh;32000
257;1;1;11092;Fresh;11000
258;1;1;8475;Fresh;8000
259;1;1;56083;Fresh;56000
260;1;1;53205;Fresh;53000
261;1;1;9193;Fresh;9000
262;1;1;7858;Fresh;8000
263;1;1;23257;Fresh;23000
264;1;1;2153;Fresh;2000
265;2;1;1073;Fresh;1000
266;1;1;5909;Fresh;6000
267;2;1;572;Fresh;1000
268;1;1;20893;Fresh;21000
269;2;1;11908;Fresh;12000
270;1;1;15218;Fresh;15000
271;1;1;4720;Fresh;5000
272;1;1;2083;Fresh;2000
273;1;1;514;Fresh;1000
274;1;3;36817;Fresh;37000
275;1;3;894;Fresh;1000
276;1;3;680;Fresh;1000
277;1;3;27901;Fresh;28000
278;1;3;9061;Fresh;9000
279;1;3;11693;Fresh;12000
280;2;3;17360;Fresh;17000
281;1;3;3366;Fresh;3000
282;2;3;12238;Fresh;12000
283;1;3;49063;Fresh;49000
284;1;3;25767;Fresh;26000
285;1;3;68951;Fresh;69000
286;1;3;40254;Fresh;40000
287;1;3;7149;Fresh;7000
288;1;3;15354;Fresh;15000
289;1;3;16260;Fresh;16000
290;1;3;42786;Fresh;43000
291;1;3;2708;Fresh;3000
292;1;3;6022;Fresh;6000
293;1;3;2838;Fresh;3000
294;2;2;3996;Fresh;4000
295;1;2;21273;Fresh;21000
296;2;2;7588;Fresh;8000
297;1;2;19087;Fresh;19000
298;2;2;8090;Fresh;8000
299;2;2;6758;Fresh;7000
300;1;2;444;Fresh;0
301;2;2;16448;Fresh;16000
302;2;2;5283;Fresh;5000
303;2;2;2886;Fresh;3000
304;2;2;2599;Fresh;3000
305;2;2;161;Fresh;0
306;2;2;243;Fresh;0
307;2;2;6468;Fresh;6000
308;1;2;17327;Fresh;17000
309;1;2;6987;Fresh;7000
310;2;2;918;Fresh;1000
311;1;2;7034;Fresh;7000
312;1;2;29635;Fresh;30000
313;2;2;2137;Fresh;2000
314;1;2;9784;Fresh;10000
315;1;2;10617;Fresh;11000
316;2;2;1479;Fresh;1000
317;1;2;7127;Fresh;7000
318;1;2;1182;Fresh;1000
319;1;2;11800;Fresh;12000
320;2;2;9759;Fresh;10000
321;1;2;1774;Fresh;2000
322;1;2;9155;Fresh;9000
323;1;2;15881;Fresh;16000
324;1;2;13360;Fresh;13000
325;1;2;25977;Fresh;26000
326;1;2;32717;Fresh;33000
327;1;2;4414;Fresh;4000
328;1;2;542;Fresh;1000
329;1;2;16933;Fresh;17000
330;1;2;5113;Fresh;5000
331;1;2;9790;Fresh;10000
332;2;2;11223;Fresh;11000
333;1;2;22321;Fresh;22000
334;2;2;8565;Fresh;9000
335;2;2;16823;Fresh;17000
336;2;2;27082;Fresh;27000
337;1;2;13970;Fresh;14000
338;1;2;9351;Fresh;9000
339;1;2;3;Fresh;0
340;1;2;2617;Fresh;3000
341;2;3;381;Fresh;0
342;2;3;2320;Fresh;2000
343;1;3;255;Fresh;0
344;2;3;1689;Fresh;2000
345;1;3;3043;Fresh;3000
346;1;3;1198;Fresh;1000
347;2;3;2771;Fresh;3000
348;2;3;27380;Fresh;27000
349;1;3;3428;Fresh;3000
350;2;3;5981;Fresh;6000
351;1;3;3521;Fresh;4000
352;2;3;1210;Fresh;1000
353;1;3;608;Fresh;1000
354;2;3;117;Fresh;0
355;1;3;14039;Fresh;14000
356;1;3;190;Fresh;0
357;1;3;22686;Fresh;23000
358;2;3;37;Fresh;0
359;1;3;759;Fresh;1000
360;1;3;796;Fresh;1000
361;1;3;19746;Fresh;20000
362;1;3;4734;Fresh;5000
363;1;3;2121;Fresh;2000
364;1;3;4627;Fresh;5000
365;1;3;2615;Fresh;3000
366;2;3;4692;Fresh;5000
367;1;3;9561;Fresh;10000
368;1;3;3477;Fresh;3000
369;1;3;22335;Fresh;22000
370;1;3;6211;Fresh;6000
371;2;3;39679;Fresh;40000
372;1;3;20105;Fresh;20000
373;1;3;3884;Fresh;4000
374;2;3;15076;Fresh;15000
375;1;3;6338;Fresh;6000
376;1;3;5841;Fresh;6000
377;2;3;3136;Fresh;3000
378;1;3;38793;Fresh;39000
379;1;3;3225;Fresh;3000
380;2;3;4048;Fresh;4000
381;1;3;28257;Fresh;28000
382;1;3;17770;Fresh;18000
383;1;3;34454;Fresh;34000
384;1;3;1821;Fresh;2000
385;1;3;10683;Fresh;11000
386;1;3;11635;Fresh;12000
387;1;3;1206;Fresh;1000
388;1;3;20918;Fresh;21000
389;1;3;9785;Fresh;10000
390;1;3;9385;Fresh;9000
391;1;3;3352;Fresh;3000
392;1;3;2647;Fresh;3000
393;1;3;518;Fresh;1000
394;1;3;23632;Fresh;24000
395;1;3;12377;Fresh;12000
396;1;3;9602;Fresh;10000
397;2;3;4515;Fresh;5000
398;1;3;11535;Fresh;12000
399;1;3;11442;Fresh;11000
400;1;3;9612;Fresh;10000
401;1;3;4446;Fresh;4000
402;1;3;27167;Fresh;27000
403;1;3;26539;Fresh;27000
404;1;3;25606;Fresh;26000
405;1;3;18073;Fresh;18000
406;1;3;6884;Fresh;7000
407;1;3;25066;Fresh;25000
408;2;3;7362;Fresh;7000
409;2;3;8257;Fresh;8000
410;1;3;8708;Fresh;9000
411;1;3;6633;Fresh;7000
412;1;3;2126;Fresh;2000
413;1;3;97;Fresh;0
414;1;3;4983;Fresh;5000
415;1;3;5969;Fresh;6000
416;2;3;7842;Fresh;8000
417;2;3;4389;Fresh;4000
418;1;3;5065;Fresh;5000
419;2;3;660;Fresh;1000
420;1;3;8861;Fresh;9000
421;1;3;4456;Fresh;4000
422;2;3;17063;Fresh;17000
423;1;3;26400;Fresh;26000
424;2;3;17565;Fresh;18000
425;2;3;16980;Fresh;17000
426;1;3;11243;Fresh;11000
427;1;3;13134;Fresh;13000
428;1;3;31012;Fresh;31000
429;1;3;3047;Fresh;3000
430;1;3;8607;Fresh;9000
431;1;3;3097;Fresh;3000
432;1;3;8533;Fresh;9000
433;1;3;21117;Fresh;21000
434;1;3;1982;Fresh;2000
435;1;3;16731;Fresh;17000
436;1;3;29703;Fresh;30000
437;1;3;39228;Fresh;39000
438;2;3;14531;Fresh;15000
439;1;3;10290;Fresh;10000
440;1;3;2787;Fresh;3000
1;2;3;9656;Milk;10000
2;2;3;9810;Milk;10000
3;2;3;8808;Milk;9000
4;1;3;1196;Milk;1000
5;2;3;5410;Milk;5000
6;2;3;8259;Milk;8000
7;2;3;3199;Milk;3000
8;2;3;4956;Milk;5000
9;1;3;3648;Milk;4000
10;2;3;11093;Milk;11000
11;2;3;5403;Milk;5000
12;2;3;1124;Milk;1000
13;2;3;12319;Milk;12000
14;2;3;6208;Milk;6000
15;2;3;9465;Milk;9000
16;1;3;1114;Milk;1000
17;2;3;8816;Milk;9000
18;1;3;6157;Milk;6000
19;2;3;6327;Milk;6000
20;1;3;2495;Milk;2000
21;2;3;4519;Milk;5000
22;1;3;871;Milk;1000
23;1;3;1917;Milk;2000
24;2;3;36423;Milk;36000
25;2;3;9776;Milk;10000
26;2;3;4230;Milk;4000
27;1;3;961;Milk;1000
28;1;3;803;Milk;1000
29;2;3;20484;Milk;20000
30;1;3;2100;Milk;2000
31;1;3;3610;Milk;4000
32;1;3;4339;Milk;4000
33;1;3;1318;Milk;1000
34;1;3;4786;Milk;5000
35;1;3;1979;Milk;2000
36;2;3;5491;Milk;5000
37;1;3;4362;Milk;4000
38;2;3;10556;Milk;11000
39;2;3;15729;Milk;16000
40;1;3;555;Milk;1000
41;1;3;4332;Milk;4000
42;1;3;3065;Milk;3000
43;2;3;7555;Milk;8000
44;2;3;11095;Milk;11000
45;2;3;7027;Milk;7000
46;2;3;22044;Milk;22000
47;2;3;14069;Milk;14000
48;2;3;54259;Milk;54000
49;2;3;6152;Milk;6000
50;2;3;21412;Milk;21000
51;1;3;1095;Milk;1000
52;1;3;4051;Milk;4000
53;2;3;3916;Milk;4000
54;2;3;10473;Milk;10000
55;1;3;1449;Milk;1000
56;1;3;3683;Milk;4000
57;2;3;29892;Milk;30000
58;2;3;9933;Milk;10000
59;1;3;1970;Milk;2000
60;1;3;5360;Milk;5000
61;2;3;3045;Milk;3000
62;2;3;38369;Milk;38000
63;2;3;6245;Milk;6000
64;2;3;11601;Milk;12000
65;1;3;1227;Milk;1000
66;2;3;20959;Milk;21000
67;1;3;1534;Milk;2000
68;2;3;6759;Milk;7000
69;1;3;7260;Milk;7000
70;1;3;2820;Milk;3000
71;1;3;2037;Milk;2000
72;1;3;1266;Milk;1000
73;1;3;5139;Milk;5000
74;2;3;5332;Milk;5000
75;2;3;6343;Milk;6000
76;1;3;1137;Milk;1000
77;1;3;3587;Milk;4000
78;2;3;12697;Milk;13000
79;1;3;1175;Milk;1000
80;1;3;3259;Milk;3000
81;1;3;829;Milk;1000
82;2;3;9540;Milk;10000
83;2;3;9232;Milk;9000
84;1;3;1563;Milk;2000
85;2;3;3327;Milk;3000
86;2;3;46197;Milk;46000
87;2;3;73498;Milk;73000
88;1;3;5025;Milk;5000
89;1;3;542;Milk;1000
90;1;3;3836;Milk;4000
91;1;3;596;Milk;1000
92;1;3;2762;Milk;3000
93;2;3;27472;Milk;27000
94;1;3;3090;Milk;3000
95;2;3;12220;Milk;12000
96;1;3;2920;Milk;3000
97;2;3;2616;Milk;3000
98;1;3;254;Milk;0
99;1;3;112;Milk;0
100;1;3;2182;Milk;2000
101;2;3;7779;Milk;8000
102;2;3;10810;Milk;11000
103;2;3;6459;Milk;6000
104;1;3;3504;Milk;4000
105;1;3;2132;Milk;2000
106;1;3;1014;Milk;1000
107;2;3;6337;Milk;6000
108;2;3;10646;Milk;11000
109;2;3;8397;Milk;8000
110;2;3;16729;Milk;17000
111;1;3;1648;Milk;2000
112;2;3;11114;Milk;11000
113;1;3;2770;Milk;3000
114;1;3;2295;Milk;2000
115;1;3;1080;Milk;1000
116;1;3;793;Milk;1000
117;1;3;2521;Milk;3000
118;1;3;3880;Milk;4000
119;1;3;1891;Milk;2000
120;1;3;2344;Milk;2000
121;1;3;1200;Milk;1000
122;1;3;3234;Milk;3000
123;1;3;201;Milk;0
124;2;3;10769;Milk;11000
125;1;3;1642;Milk;2000
126;1;3;3473;Milk;3000
127;1;3;1840;Milk;2000
128;2;3;7243;Milk;7000
129;1;3;8847;Milk;9000
130;1;3;926;Milk;1000
131;1;3;2428;Milk;2000
132;1;3;589;Milk;1000
133;1;3;2032;Milk;2000
134;1;3;1042;Milk;1000
135;1;3;1882;Milk;2000
136;1;3;1289;Milk;1000
137;1;3;8579;Milk;9000
138;1;3;8080;Milk;8000
139;1;3;4257;Milk;4000
140;1;3;4979;Milk;5000
141;1;3;4280;Milk;4000
142;1;3;13252;Milk;13000
143;1;3;7152;Milk;7000
144;1;3;1596;Milk;2000
145;1;3;3677;Milk;4000
146;2;3;8384;Milk;8000
147;1;3;1936;Milk;2000
148;1;3;3373;Milk;3000
149;1;3;584;Milk;1000
150;1;3;1433;Milk;1000
151;1;3;1825;Milk;2000
152;1;3;3328;Milk;3000
153;1;3;1371;Milk;1000
154;1;3;9250;Milk;9000
155;1;3;55;Milk;0
156;2;3;10690;Milk;11000
157;2;3;5291;Milk;5000
158;1;3;1366;Milk;1000
159;2;3;6570;Milk;7000
160;2;3;7704;Milk;8000
161;2;3;3651;Milk;4000
162;1;3;540;Milk;1000
163;1;3;2024;Milk;2000
164;2;3;15726;Milk;16000
165;2;3;7603;Milk;8000
166;2;3;12653;Milk;13000
167;2;3;6721;Milk;7000
168;1;3;3195;Milk;3000
169;1;3;735;Milk;1000
170;1;3;717;Milk;1000
171;2;3;8675;Milk;9000
172;2;3;25862;Milk;26000
173;1;3;5479;Milk;5000
174;2;3;7677;Milk;8000
175;1;3;1208;Milk;1000
176;2;3;7845;Milk;8000
177;1;3;6958;Milk;7000
178;1;3;7330;Milk;7000
179;1;3;7075;Milk;7000
180;1;3;4888;Milk;5000
181;1;3;6036;Milk;6000
182;1;3;29627;Milk;30000
183;1;3;8533;Milk;9000
184;1;3;43950;Milk;44000
185;1;3;918;Milk;1000
186;1;3;6448;Milk;6000
187;1;3;521;Milk;1000
188;1;3;8002;Milk;8000
189;2;3;7639;Milk;8000
190;2;3;11577;Milk;12000
191;1;3;6250;Milk;6000
192;1;3;295;Milk;0
193;1;3;1461;Milk;1000
194;2;3;3485;Milk;3000
195;1;3;1012;Milk;1000
196;1;3;5139;Milk;5000
197;1;1;7209;Milk;7000
198;2;1;7097;Milk;7000
199;1;1;2154;Milk;2000
200;1;1;2280;Milk;2000
201;2;1;13240;Milk;13000
202;2;1;14399;Milk;14000
203;1;1;11487;Milk;11000
204;1;1;685;Milk;1000
205;1;1;891;Milk;1000
206;2;1;11711;Milk;12000
207;1;1;780;Milk;1000
208;2;1;4737;Milk;5000
209;1;1;3748;Milk;4000
210;2;1;12729;Milk;13000
211;1;1;1895;Milk;2000
212;2;1;28326;Milk;28000
213;1;1;1012;Milk;1000
214;1;1;6602;Milk;7000
215;2;1;6551;Milk;7000
216;1;1;10765;Milk;11000
217;2;1;16599;Milk;17000
218;1;1;1475;Milk;1000
219;2;1;7504;Milk;8000
220;1;1;367;Milk;0
221;1;1;899;Milk;1000
222;1;1;7503;Milk;8000
223;1;1;1115;Milk;1000
224;2;1;2527;Milk;3000
225;1;1;659;Milk;1000
226;1;1;3243;Milk;3000
227;2;1;5921;Milk;6000
228;1;1;2204;Milk;2000
229;1;1;577;Milk;1000
230;1;1;2746;Milk;3000
231;2;1;5989;Milk;6000
232;1;1;10678;Milk;11000
233;1;1;1780;Milk;2000
234;1;1;4984;Milk;5000
235;1;1;2703;Milk;3000
236;1;1;6380;Milk;6000
237;1;1;820;Milk;1000
238;1;1;3838;Milk;4000
239;1;1;475;Milk;0
240;1;1;2567;Milk;3000
241;1;1;3575;Milk;4000
242;1;1;1801;Milk;2000
243;1;1;659;Milk;1000
244;1;1;3576;Milk;4000
245;1;1;7775;Milk;8000
246;2;1;6154;Milk;6000
247;1;1;2428;Milk;2000
248;1;1;346;Milk;0
249;1;1;5279;Milk;5000
250;1;1;3795;Milk;4000
251;1;1;1993;Milk;2000
252;2;1;23133;Milk;23000
253;1;1;1860;Milk;2000
254;1;1;7961;Milk;8000
255;1;1;17972;Milk;18000
256;1;1;489;Milk;0
257;1;1;5008;Milk;5000
258;1;1;1931;Milk;2000
259;1;1;4563;Milk;5000
260;1;1;4959;Milk;5000
261;1;1;4885;Milk;5000
262;1;1;1110;Milk;1000
263;1;1;1372;Milk;1000
264;1;1;1115;Milk;1000
265;2;1;9679;Milk;10000
266;1;1;23527;Milk;24000
267;2;1;9763;Milk;10000
268;1;1;1222;Milk;1000
269;2;1;8053;Milk;8000
270;1;1;258;Milk;0
271;1;1;1032;Milk;1000
272;1;1;5007;Milk;5000
273;1;1;8323;Milk;8000
274;1;3;3045;Milk;3000
275;1;3;1703;Milk;2000
276;1;3;1610;Milk;2000
277;1;3;3749;Milk;4000
278;1;3;829;Milk;1000
279;1;3;2317;Milk;2000
280;2;3;6200;Milk;6000
281;1;3;2884;Milk;3000
282;2;3;7108;Milk;7000
283;1;3;3965;Milk;4000
284;1;3;3613;Milk;4000
285;1;3;4411;Milk;4000
286;1;3;640;Milk;1000
287;1;3;2247;Milk;2000
288;1;3;2102;Milk;2000
289;1;3;594;Milk;1000
290;1;3;286;Milk;0
291;1;3;2160;Milk;2000
292;1;3;3354;Milk;3000
293;1;3;3086;Milk;3000
294;2;2;11103;Milk;11000
295;1;2;2013;Milk;2000
296;2;2;1897;Milk;2000
297;1;2;1304;Milk;1000
298;2;2;3199;Milk;3000
299;2;2;4560;Milk;5000
300;1;2;879;Milk;1000
301;2;2;6243;Milk;6000
302;2;2;13316;Milk;13000
303;2;2;5302;Milk;5000
304;2;2;3688;Milk;4000
305;2;2;7460;Milk;7000
306;2;2;12939;Milk;13000
307;2;2;12867;Milk;13000
308;1;2;2374;Milk;2000
309;1;2;1020;Milk;1000
310;2;2;20655;Milk;21000
311;1;2;1492;Milk;1000
312;1;2;2335;Milk;2000
313;2;2;3737;Milk;4000
314;1;2;925;Milk;1000
315;1;2;1795;Milk;2000
316;2;2;14982;Milk;15000
317;1;2;1375;Milk;1000
318;1;2;3088;Milk;3000
319;1;2;2713;Milk;3000
320;2;2;25071;Milk;25000
321;1;2;3696;Milk;4000
322;1;2;1897;Milk;2000
323;1;2;713;Milk;1000
324;1;2;944;Milk;1000
325;1;2;3587;Milk;4000
326;1;2;16784;Milk;17000
327;1;2;1610;Milk;2000
328;1;2;899;Milk;1000
329;1;2;2209;Milk;2000
330;1;2;1486;Milk;1000
331;1;2;1786;Milk;2000
332;2;2;14881;Milk;15000
333;1;2;3216;Milk;3000
334;2;2;4980;Milk;5000
335;2;2;928;Milk;1000
336;2;2;6817;Milk;7000
337;1;2;1511;Milk;2000
338;1;2;1347;Milk;1000
339;1;2;333;Milk;0
340;1;2;1188;Milk;1000
341;2;3;4025;Milk;4000
342;2;3;5763;Milk;6000
343;1;3;5758;Milk;6000
344;2;3;6964;Milk;7000
345;1;3;1172;Milk;1000
346;1;3;2602;Milk;3000
347;2;3;6939;Milk;7000
348;2;3;7184;Milk;7000
349;1;3;2380;Milk;2000
350;2;3;14641;Milk;15000
351;1;3;1099;Milk;1000
352;2;3;10044;Milk;10000
353;1;3;1106;Milk;1000
354;2;3;6264;Milk;6000
355;1;3;7393;Milk;7000
356;1;3;727;Milk;1000
357;1;3;134;Milk;0
358;2;3;1275;Milk;1000
359;1;3;18664;Milk;19000
360;1;3;5878;Milk;6000
361;1;3;2872;Milk;3000
362;1;3;607;Milk;1000
363;1;3;1601;Milk;2000
364;1;3;997;Milk;1000
365;1;3;873;Milk;1000
366;2;3;6128;Milk;6000
367;1;3;2217;Milk;2000
368;1;3;894;Milk;1000
369;1;3;1196;Milk;1000
370;1;3;337;Milk;0
371;2;3;3944;Milk;4000
372;1;3;1887;Milk;2000
373;1;3;3801;Milk;4000
374;2;3;6257;Milk;6000
375;1;3;2256;Milk;2000
376;1;3;1450;Milk;1000
377;2;3;8630;Milk;9000
378;1;3;3154;Milk;3000
379;1;3;3294;Milk;3000
380;2;3;5164;Milk;5000
381;1;3;944;Milk;1000
382;1;3;4591;Milk;5000
383;1;3;7435;Milk;7000
384;1;3;1364;Milk;1000
385;1;3;21858;Milk;22000
386;1;3;922;Milk;1000
387;1;3;3620;Milk;4000
388;1;3;1916;Milk;2000
389;1;3;848;Milk;1000
390;1;3;1530;Milk;2000
391;1;3;1181;Milk;1000
392;1;3;2761;Milk;3000
393;1;3;4180;Milk;4000
394;1;3;6730;Milk;7000
395;1;3;865;Milk;1000
396;1;3;1316;Milk;1000
397;2;3;11991;Milk;12000
398;1;3;1666;Milk;2000
399;1;3;1032;Milk;1000
400;1;3;577;Milk;1000
401;1;3;906;Milk;1000
402;1;3;2801;Milk;3000
403;1;3;4753;Milk;5000
404;1;3;11006;Milk;11000
405;1;3;4613;Milk;5000
406;1;3;1046;Milk;1000
407;1;3;5010;Milk;5000
408;2;3;12844;Milk;13000
409;2;3;3880;Milk;4000
410;1;3;3634;Milk;4000
411;1;3;2096;Milk;2000
412;1;3;3289;Milk;3000
413;1;3;3605;Milk;4000
414;1;3;4859;Milk;5000
415;1;3;1990;Milk;2000
416;2;3;6046;Milk;6000
417;2;3;10940;Milk;11000
418;1;3;5499;Milk;5000
419;2;3;8494;Milk;8000
420;1;3;3783;Milk;4000
421;1;3;5266;Milk;5000
422;2;3;4847;Milk;5000
423;1;3;1377;Milk;1000
424;2;3;3686;Milk;4000
425;2;3;2884;Milk;3000
426;1;3;2408;Milk;2000
427;1;3;9347;Milk;9000
428;1;3;16687;Milk;17000
429;1;3;5970;Milk;6000
430;1;3;1750;Milk;2000
431;1;3;4230;Milk;4000
432;1;3;5506;Milk;6000
433;1;3;1162;Milk;1000
434;1;3;3218;Milk;3000
435;1;3;3922;Milk;4000
436;1;3;12051;Milk;12000
437;1;3;1431;Milk;1000
438;2;3;15488;Milk;15000
439;1;3;1981;Milk;2000
440;1;3;1698;Milk;2000
1;2;3;7561;Grocery;8000
2;2;3;9568;Grocery;10000
3;2;3;7684;Grocery;8000
4;1;3;4221;Grocery;4000
5;2;3;7198;Grocery;7000
6;2;3;5126;Grocery;5000
7;2;3;6975;Grocery;7000
8;2;3;9426;Grocery;9000
9;1;3;6192;Grocery;6000
10;2;3;18881;Grocery;19000
11;2;3;12974;Grocery;13000
12;2;3;4523;Grocery;5000
13;2;3;11757;Grocery;12000
14;2;3;14982;Grocery;15000
15;2;3;12091;Grocery;12000
16;1;3;3821;Grocery;4000
17;2;3;12121;Grocery;12000
18;1;3;2933;Grocery;3000
19;2;3;10099;Grocery;10000
20;1;3;9464;Grocery;9000
21;2;3;4602;Grocery;5000
22;1;3;2010;Grocery;2000
23;1;3;4469;Grocery;4000
24;2;3;22019;Grocery;22000
25;2;3;13792;Grocery;14000
26;2;3;7595;Grocery;8000
27;1;3;2861;Grocery;3000
28;1;3;3045;Grocery;3000
29;2;3;25957;Grocery;26000
30;1;3;2609;Grocery;3000
31;1;3;11107;Grocery;11000
32;1;3;3133;Grocery;3000
33;1;3;2886;Grocery;3000
34;1;3;7326;Grocery;7000
35;1;3;2262;Grocery;2000
36;2;3;11091;Grocery;11000
37;1;3;5428;Grocery;5000
38;2;3;12477;Grocery;12000
39;2;3;16709;Grocery;17000
40;1;3;902;Grocery;1000
41;1;3;4757;Grocery;5000
42;1;3;5956;Grocery;6000
43;2;3;14961;Grocery;15000
44;2;3;23998;Grocery;24000
45;2;3;10471;Grocery;10000
46;2;3;21531;Grocery;22000
47;2;3;21955;Grocery;22000
48;2;3;55571;Grocery;56000
49;2;3;10868;Grocery;11000
50;2;3;28921;Grocery;29000
51;1;3;1980;Grocery;2000
52;1;3;6996;Grocery;7000
53;2;3;5876;Grocery;6000
54;2;3;11532;Grocery;12000
55;1;3;1947;Grocery;2000
56;1;3;5005;Grocery;5000
57;2;3;26866;Grocery;27000
58;2;3;10487;Grocery;10000
59;1;3;1648;Grocery;2000
60;1;3;8040;Grocery;8000
61;2;3;7854;Grocery;8000
62;2;3;59598;Grocery;60000
63;2;3;6544;Grocery;7000
64;2;3;15775;Grocery;16000
65;1;3;3250;Grocery;3000
66;2;3;45828;Grocery;46000
67;1;3;7417;Grocery;7000
68;2;3;13462;Grocery;13000
69;1;3;3993;Grocery;4000
70;1;3;1293;Grocery;1000
71;1;3;3202;Grocery;3000
72;1;3;21042;Grocery;21000
73;1;3;2661;Grocery;3000
74;2;3;8713;Grocery;9000
75;2;3;9794;Grocery;10000
76;1;3;3;Grocery;0
77;1;3;6532;Grocery;7000
78;2;3;28540;Grocery;29000
79;1;3;2067;Grocery;2000
80;1;3;3655;Grocery;4000
81;1;3;3009;Grocery;3000
82;2;3;14403;Grocery;14000
83;2;3;11009;Grocery;11000
84;1;3;1783;Grocery;2000
85;2;3;4814;Grocery;5000
86;2;3;92780;Grocery;93000
87;2;3;32114;Grocery;32000
88;1;3;8117;Grocery;8000
89;1;3;4042;Grocery;4000
90;1;3;5330;Grocery;5000
91;1;3;1638;Grocery;2000
92;1;3;2530;Grocery;3000
93;2;3;32034;Grocery;32000
94;1;3;2062;Grocery;2000
95;2;3;11323;Grocery;11000
96;1;3;6252;Grocery;6000
97;2;3;8118;Grocery;8000
98;1;3;610;Grocery;1000
99;1;3;778;Grocery;1000
100;1;3;1909;Grocery;2000
101;2;3;12144;Grocery;12000
102;2;3;16267;Grocery;16000
103;2;3;7677;Grocery;8000
104;1;3;8906;Grocery;9000
105;1;3;3445;Grocery;3000
106;1;3;3970;Grocery;4000
107;2;3;10704;Grocery;11000
108;2;3;14886;Grocery;15000
109;2;3;6981;Grocery;7000
110;2;3;28986;Grocery;29000
111;1;3;1694;Grocery;2000
112;2;3;17569;Grocery;18000
113;1;3;2469;Grocery;2000
114;1;3;1733;Grocery;2000
115;1;3;2000;Grocery;2000
116;1;3;2988;Grocery;3000
117;1;3;3355;Grocery;3000
118;1;3;5380;Grocery;5000
119;1;3;2362;Grocery;2000
120;1;3;2147;Grocery;2000
121;1;3;3412;Grocery;3000
122;1;3;1498;Grocery;1000
123;1;3;245;Grocery;0
124;2;3;8814;Grocery;9000
125;1;3;2961;Grocery;3000
126;1;3;7102;Grocery;7000
127;1;3;1658;Grocery;2000
128;2;3;10685;Grocery;11000
129;1;3;3823;Grocery;4000
130;1;3;1510;Grocery;2000
131;1;3;699;Grocery;1000
132;1;3;314;Grocery;0
133;1;3;2479;Grocery;2000
134;1;3;1235;Grocery;1000
135;1;3;2174;Grocery;2000
136;1;3;2591;Grocery;3000
137;1;3;7030;Grocery;7000
138;1;3;8282;Grocery;8000
139;1;3;5034;Grocery;5000
140;1;3;3343;Grocery;3000
141;1;3;7305;Grocery;7000
142;1;3;5189;Grocery;5000
143;1;3;8253;Grocery;8000
144;1;3;1096;Grocery;1000
145;1;3;1988;Grocery;2000
146;2;3;34792;Grocery;35000
147;1;3;2177;Grocery;2000
148;1;3;2707;Grocery;3000
149;1;3;542;Grocery;1000
150;1;3;1651;Grocery;2000
151;1;3;1765;Grocery;2000
152;1;3;2022;Grocery;2000
153;1;3;3135;Grocery;3000
154;1;3;2368;Grocery;2000
155;1;3;137;Grocery;0
156;2;3;19460;Grocery;19000
157;2;3;14855;Grocery;15000
158;1;3;2474;Grocery;2000
159;2;3;9618;Grocery;10000
160;2;3;14682;Grocery;15000
161;2;3;12822;Grocery;13000
162;1;3;283;Grocery;0
163;1;3;3810;Grocery;4000
164;2;3;26870;Grocery;27000
165;2;3;8584;Grocery;9000
166;2;3;19858;Grocery;20000
167;2;3;9170;Grocery;9000
168;1;3;3268;Grocery;3000
169;1;3;803;Grocery;1000
170;1;3;2155;Grocery;2000
171;2;3;13430;Grocery;13000
172;2;3;19816;Grocery;20000
173;1;3;6536;Grocery;7000
174;2;3;19805;Grocery;20000
175;1;3;5241;Grocery;5000
176;2;3;11874;Grocery;12000
177;1;3;6536;Grocery;7000
178;1;3;4533;Grocery;5000
179;1;3;4945;Grocery;5000
180;1;3;2500;Grocery;3000
181;1;3;8887;Grocery;9000
182;1;3;18148;Grocery;18000
183;1;3;10518;Grocery;11000
184;1;3;20170;Grocery;20000
185;1;3;4710;Grocery;5000
186;1;3;1139;Grocery;1000
187;1;3;854;Grocery;1000
188;1;3;9819;Grocery;10000
189;2;3;11687;Grocery;12000
190;2;3;11522;Grocery;12000
191;1;3;1981;Grocery;2000
192;1;3;1381;Grocery;1000
193;1;3;2251;Grocery;2000
194;2;3;20292;Grocery;20000
195;1;3;2974;Grocery;3000
196;1;3;5230;Grocery;5000
197;1;1;4897;Grocery;5000
198;2;1;10391;Grocery;10000
199;1;1;6824;Grocery;7000
200;1;1;2112;Grocery;2000
201;2;1;23127;Grocery;23000
202;2;1;24708;Grocery;25000
203;1;1;9490;Grocery;9000
204;1;1;2216;Grocery;2000
205;1;1;5226;Grocery;5000
206;2;1;23596;Grocery;24000
207;1;1;950;Grocery;1000
208;2;1;6089;Grocery;6000
209;1;1;5838;Grocery;6000
210;2;1;16767;Grocery;17000
211;1;1;1393;Grocery;1000
212;2;1;39694;Grocery;40000
213;1;1;2062;Grocery;2000
214;1;1;6861;Grocery;7000
215;2;1;11364;Grocery;11000
216;1;1;15538;Grocery;16000
217;2;1;36486;Grocery;36000
218;1;1;2046;Grocery;2000
219;2;1;15205;Grocery;15000
220;1;1;1390;Grocery;1000
221;1;1;1382;Grocery;1000
222;1;1;10646;Grocery;11000
223;1;1;2856;Grocery;3000
224;2;1;5265;Grocery;5000
225;1;1;1499;Grocery;1000
226;1;1;4157;Grocery;4000
227;2;1;9212;Grocery;9000
228;1;1;1563;Grocery;2000
229;1;1;572;Grocery;1000
230;1;1;2501;Grocery;3000
231;2;1;5615;Grocery;6000
232;1;1;3828;Grocery;4000
233;1;1;3838;Grocery;4000
234;1;1;3316;Grocery;3000
235;1;1;3833;Grocery;4000
236;1;1;2824;Grocery;3000
237;1;1;3047;Grocery;3000
238;1;1;593;Grocery;1000
239;1;1;585;Grocery;1000
240;1;1;3779;Grocery;4000
241;1;1;7041;Grocery;7000
242;1;1;2475;Grocery;2000
243;1;1;2914;Grocery;3000
244;1;1;5119;Grocery;5000
245;1;1;10817;Grocery;11000
246;2;1;13916;Grocery;14000
247;1;1;1777;Grocery;2000
248;1;1;489;Grocery;0
249;1;1;2406;Grocery;2000
250;1;1;2070;Grocery;2000
251;1;1;1799;Grocery;2000
252;2;1;33586;Grocery;34000
253;1;1;4740;Grocery;5000
254;1;1;16966;Grocery;17000
255;1;1;4748;Grocery;5000
256;1;1;1495;Grocery;1000
257;1;1;5249;Grocery;5000
258;1;1;1883;Grocery;2000
259;1;1;2124;Grocery;2000
260;1;1;7336;Grocery;7000
261;1;1;2157;Grocery;2000
262;1;1;1094;Grocery;1000
263;1;1;1677;Grocery;2000
264;1;1;6684;Grocery;7000
265;2;1;15445;Grocery;15000
266;1;1;13699;Grocery;14000
267;2;1;22182;Grocery;22000
268;1;1;2576;Grocery;3000
269;2;1;19847;Grocery;20000
270;1;1;1138;Grocery;1000
271;1;1;975;Grocery;1000
272;1;1;1563;Grocery;2000
273;1;1;6869;Grocery;7000
274;1;3;1493;Grocery;1000
275;1;3;1841;Grocery;2000
276;1;3;223;Grocery;0
277;1;3;6964;Grocery;7000
278;1;3;683;Grocery;1000
279;1;3;2543;Grocery;3000
280;2;3;9694;Grocery;10000
281;1;3;2431;Grocery;2000
282;2;3;6235;Grocery;6000
283;1;3;4252;Grocery;4000
284;1;3;2013;Grocery;2000
285;1;3;12609;Grocery;13000
286;1;3;3600;Grocery;4000
287;1;3;1242;Grocery;1000
288;1;3;2828;Grocery;3000
289;1;3;1296;Grocery;1000
290;1;3;471;Grocery;0
291;1;3;2642;Grocery;3000
292;1;3;3261;Grocery;3000
293;1;3;4329;Grocery;4000
294;2;2;12469;Grocery;12000
295;1;2;6550;Grocery;7000
296;2;2;5234;Grocery;5000
297;1;2;3643;Grocery;4000
298;2;2;6986;Grocery;7000
299;2;2;9965;Grocery;10000
300;1;2;2060;Grocery;2000
301;2;2;6360;Grocery;6000
302;2;2;20399;Grocery;20000
303;2;2;9785;Grocery;10000
304;2;2;13829;Grocery;14000
305;2;2;24773;Grocery;25000
306;2;2;8852;Grocery;9000
307;2;2;21570;Grocery;22000
308;1;2;2842;Grocery;3000
309;1;2;3007;Grocery;3000
310;2;2;13567;Grocery;14000
311;1;2;2405;Grocery;2000
312;1;2;8280;Grocery;8000
313;2;2;19172;Grocery;19000
314;1;2;2405;Grocery;2000
315;1;2;7647;Grocery;8000
316;2;2;11924;Grocery;12000
317;1;2;2201;Grocery;2000
318;1;2;6114;Grocery;6000
319;1;2;3558;Grocery;4000
320;2;2;17645;Grocery;18000
321;1;2;2280;Grocery;2000
322;1;2;5167;Grocery;5000
323;1;2;3315;Grocery;3000
324;1;2;11593;Grocery;12000
325;1;2;2464;Grocery;2000
326;1;2;13626;Grocery;14000
327;1;2;1431;Grocery;1000
328;1;2;1664;Grocery;2000
329;1;2;3389;Grocery;3000
330;1;2;4583;Grocery;5000
331;1;2;5109;Grocery;5000
332;2;2;26839;Grocery;27000
333;1;2;1447;Grocery;1000
334;2;2;67298;Grocery;67000
335;2;2;2743;Grocery;3000
336;2;2;10790;Grocery;11000
337;1;2;1330;Grocery;1000
338;1;2;2611;Grocery;3000
339;1;2;7021;Grocery;7000
340;1;2;5332;Grocery;5000
341;2;3;9670;Grocery;10000
342;2;3;11238;Grocery;11000
343;1;3;5923;Grocery;6000
344;2;3;26316;Grocery;26000
345;1;3;1763;Grocery;2000
346;1;3;8335;Grocery;8000
347;2;3;15541;Grocery;16000
348;2;3;12311;Grocery;12000
349;1;3;2028;Grocery;2000
350;2;3;20521;Grocery;21000
351;1;3;1997;Grocery;2000
352;2;3;22294;Grocery;22000
353;1;3;1533;Grocery;2000
354;2;3;21203;Grocery;21000
355;1;3;2548;Grocery;3000
356;1;3;2012;Grocery;2000
357;1;3;218;Grocery;0
358;2;3;22272;Grocery;22000
359;1;3;1660;Grocery;2000
360;1;3;2109;Grocery;2000
361;1;3;2006;Grocery;2000
362;1;3;864;Grocery;1000
363;1;3;2453;Grocery;2000
364;1;3;4438;Grocery;4000
365;1;3;1524;Grocery;2000
366;2;3;8025;Grocery;8000
367;1;3;1664;Grocery;2000
368;1;3;534;Grocery;1000
369;1;3;2406;Grocery;2000
370;1;3;683;Grocery;1000
371;2;3;4955;Grocery;5000
372;1;3;1939;Grocery;2000
373;1;3;1641;Grocery;2000
374;2;3;7398;Grocery;7000
375;1;3;1668;Grocery;2000
376;1;3;1162;Grocery;1000
377;2;3;13586;Grocery;14000
378;1;3;2648;Grocery;3000
379;1;3;1902;Grocery;2000
380;2;3;10391;Grocery;10000
381;1;3;2146;Grocery;2000
382;1;3;1617;Grocery;2000
383;1;3;8469;Grocery;8000
384;1;3;3450;Grocery;3000
385;1;3;15400;Grocery;15000
386;1;3;1614;Grocery;2000
387;1;3;2857;Grocery;3000
388;1;3;1573;Grocery;2000
389;1;3;1172;Grocery;1000
390;1;3;1422;Grocery;1000
391;1;3;1328;Grocery;1000
392;1;3;2313;Grocery;2000
393;1;3;3600;Grocery;4000
394;1;3;3842;Grocery;4000
395;1;3;3204;Grocery;3000
396;1;3;1263;Grocery;1000
397;2;3;9345;Grocery;9000
398;1;3;1428;Grocery;1000
399;1;3;582;Grocery;1000
400;1;3;935;Grocery;1000
401;1;3;1238;Grocery;1000
402;1;3;2128;Grocery;2000
403;1;3;5091;Grocery;5000
404;1;3;4604;Grocery;5000
405;1;3;3444;Grocery;3000
406;1;3;1167;Grocery;1000
407;1;3;5026;Grocery;5000
408;2;3;18683;Grocery;19000
409;2;3;6407;Grocery;6000
410;1;3;6100;Grocery;6000
411;1;3;4563;Grocery;5000
412;1;3;3281;Grocery;3000
413;1;3;12400;Grocery;12000
414;1;3;6633;Grocery;7000
415;1;3;3417;Grocery;3000
416;2;3;8552;Grocery;9000
417;2;3;10908;Grocery;11000
418;1;3;11055;Grocery;11000
419;2;3;18622;Grocery;19000
420;1;3;2223;Grocery;2000
421;1;3;13227;Grocery;13000
422;2;3;9053;Grocery;9000
423;1;3;4172;Grocery;4000
424;2;3;4657;Grocery;5000
425;2;3;12232;Grocery;12000
426;1;3;2593;Grocery;3000
427;1;3;14316;Grocery;14000
428;1;3;5429;Grocery;5000
429;1;3;4910;Grocery;5000
430;1;3;3580;Grocery;4000
431;1;3;16483;Grocery;16000
432;1;3;5160;Grocery;5000
433;1;3;4754;Grocery;5000
434;1;3;1493;Grocery;1000
435;1;3;7994;Grocery;8000
436;1;3;16027;Grocery;16000
437;1;3;764;Grocery;1000
438;2;3;30243;Grocery;30000
439;1;3;2232;Grocery;2000
440;1;3;2510;Grocery;3000
1;2;3;214;Frozen;0
2;2;3;1762;Frozen;2000
3;2;3;2405;Frozen;2000
4;1;3;6404;Frozen;6000
5;2;3;3915;Frozen;4000
6;2;3;666;Frozen;1000
7;2;3;480;Frozen;0
8;2;3;1669;Frozen;2000
9;1;3;425;Frozen;0
10;2;3;1159;Frozen;1000
11;2;3;4400;Frozen;4000
12;2;3;1420;Frozen;1000
13;2;3;287;Frozen;0
14;2;3;3095;Frozen;3000
15;2;3;294;Frozen;0
16;1;3;397;Frozen;0
17;2;3;134;Frozen;0
18;1;3;839;Frozen;1000
19;2;3;2205;Frozen;2000
20;1;3;669;Frozen;1000
21;2;3;1066;Frozen;1000
22;1;3;3383;Frozen;3000
23;1;3;9408;Frozen;9000
24;2;3;5154;Frozen;5000
25;2;3;2915;Frozen;3000
26;2;3;201;Frozen;0
27;1;3;3151;Frozen;3000
28;1;3;485;Frozen;0
29;2;3;1158;Frozen;1000
30;1;3;1200;Frozen;1000
31;1;3;1148;Frozen;1000
32;1;3;2088;Frozen;2000
33;1;3;266;Frozen;0
34;1;3;6130;Frozen;6000
35;1;3;425;Frozen;0
36;2;3;833;Frozen;1000
37;1;3;1729;Frozen;2000
38;2;3;1920;Frozen;2000
39;2;3;33;Frozen;0
40;1;3;10002;Frozen;10000
41;1;3;9510;Frozen;10000
42;1;3;2033;Frozen;2000
43;2;3;188;Frozen;0
44;2;3;787;Frozen;1000
45;2;3;541;Frozen;1000
46;2;3;1740;Frozen;2000
47;2;3;1668;Frozen;2000
48;2;3;7782;Frozen;8000
49;2;3;584;Frozen;1000
50;2;3;1798;Frozen;2000
51;1;3;3860;Frozen;4000
52;1;3;239;Frozen;0
53;2;3;532;Frozen;1000
54;2;3;744;Frozen;1000
55;1;3;2436;Frozen;2000
56;1;3;1057;Frozen;1000
57;2;3;2616;Frozen;3000
58;2;3;38;Frozen;0
59;1;3;596;Frozen;1000
60;1;3;129;Frozen;0
61;2;3;96;Frozen;0
62;2;3;3254;Frozen;3000
63;2;3;4154;Frozen;4000
64;2;3;2896;Frozen;3000
65;1;3;3724;Frozen;4000
66;2;3;36;Frozen;0
67;1;3;175;Frozen;0
68;2;3;1256;Frozen;1000
69;1;3;5870;Frozen;6000
70;1;3;779;Frozen;1000
71;1;3;10643;Frozen;11000
72;1;3;5373;Frozen;5000
73;1;3;8872;Frozen;9000
74;2;3;8132;Frozen;8000
75;2;3;1285;Frozen;1000
76;1;3;4407;Frozen;4000
77;1;3;7530;Frozen;8000
78;2;3;869;Frozen;1000
79;1;3;2096;Frozen;2000
80;1;3;868;Frozen;1000
81;1;3;430;Frozen;0
82;2;3;283;Frozen;0
83;2;3;737;Frozen;1000
84;1;3;2320;Frozen;2000
85;2;3;1178;Frozen;1000
86;2;3;1026;Frozen;1000
87;2;3;987;Frozen;1000
88;1;3;6312;Frozen;6000
89;1;3;9735;Frozen;10000
90;1;3;3443;Frozen;3000
91;1;3;3347;Frozen;3000
92;1;3;8693;Frozen;9000
93;2;3;3232;Frozen;3000
94;1;3;35009;Frozen;35000
95;2;3;206;Frozen;0
96;1;3;440;Frozen;0
97;2;3;145;Frozen;0
98;1;3;774;Frozen;1000
99;1;3;895;Frozen;1000
100;1;3;5639;Frozen;6000
101;2;3;3252;Frozen;3000
102;2;3;1593;Frozen;2000
103;2;3;2561;Frozen;3000
104;1;3;18028;Frozen;18000
105;1;3;1336;Frozen;1000
106;1;3;910;Frozen;1000
107;2;3;133;Frozen;0
108;2;3;2471;Frozen;2000
109;2;3;247;Frozen;0
110;2;3;673;Frozen;1000
111;1;3;2276;Frozen;2000
112;2;3;805;Frozen;1000
113;1;3;8853;Frozen;9000
114;1;3;3220;Frozen;3000
115;1;3;2555;Frozen;3000
116;1;3;2715;Frozen;3000
117;1;3;1517;Frozen;2000
118;1;3;1647;Frozen;2000
119;1;3;5343;Frozen;5000
120;1;3;3896;Frozen;4000
121;1;3;2417;Frozen;2000
122;1;3;2395;Frozen;2000
123;1;3;1991;Frozen;2000
124;2;3;2194;Frozen;2000
125;1;3;4787;Frozen;5000
126;1;3;16538;Frozen;17000
127;1;3;8195;Frozen;8000
128;2;3;880;Frozen;1000
129;1;3;142;Frozen;0
130;1;3;1718;Frozen;2000
131;1;3;6316;Frozen;6000
132;1;3;346;Frozen;0
133;1;3;576;Frozen;1000
134;1;3;436;Frozen;0
135;1;3;720;Frozen;1000
136;1;3;1170;Frozen;1000
137;1;3;4575;Frozen;5000
138;1;3;661;Frozen;1000
139;1;3;155;Frozen;0
140;1;3;825;Frozen;1000
141;1;3;2279;Frozen;2000
142;1;3;321;Frozen;0
143;1;3;2995;Frozen;3000
144;1;3;8425;Frozen;8000
145;1;3;118;Frozen;0
146;2;3;42;Frozen;0
147;1;3;926;Frozen;1000
148;1;3;1286;Frozen;1000
149;1;3;4052;Frozen;4000
150;1;3;800;Frozen;1000
151;1;3;853;Frozen;1000
152;1;3;531;Frozen;1000
153;1;3;3001;Frozen;3000
154;1;3;779;Frozen;1000
155;1;3;75;Frozen;0
156;2;3;233;Frozen;0
157;2;3;317;Frozen;0
158;1;3;3378;Frozen;3000
159;2;3;930;Frozen;1000
160;2;3;398;Frozen;0
161;2;3;824;Frozen;1000
162;1;3;1092;Frozen;1000
163;1;3;2665;Frozen;3000
164;2;3;2367;Frozen;2000
165;2;3;2540;Frozen;3000
166;2;3;4425;Frozen;4000
167;2;3;993;Frozen;1000
168;1;3;405;Frozen;0
169;1;3;1393;Frozen;1000
170;1;3;2399;Frozen;2000
171;2;3;1116;Frozen;1000
172;2;3;651;Frozen;1000
173;1;3;333;Frozen;0
174;2;3;937;Frozen;1000
175;1;3;2515;Frozen;3000
176;2;3;52;Frozen;0
177;1;3;7368;Frozen;7000
178;1;3;1752;Frozen;2000
179;1;3;1152;Frozen;1000
180;1;3;4477;Frozen;4000
181;1;3;402;Frozen;0
182;1;3;16745;Frozen;17000
183;1;3;443;Frozen;0
184;1;3;36534;Frozen;37000
185;1;3;74;Frozen;0
186;1;3;2181;Frozen;2000
187;1;3;3470;Frozen;3000
188;1;3;6269;Frozen;6000
189;2;3;2758;Frozen;3000
190;2;3;275;Frozen;0
191;1;3;7332;Frozen;7000
192;1;3;890;Frozen;1000
193;1;3;547;Frozen;1000
194;2;3;959;Frozen;1000
195;1;3;806;Frozen;1000
196;1;3;7888;Frozen;8000
197;1;1;18711;Frozen;19000
198;2;1;1127;Frozen;1000
199;1;1;3527;Frozen;4000
200;1;1;520;Frozen;1000
201;2;1;3941;Frozen;4000
202;2;1;3549;Frozen;4000
203;1;1;5065;Frozen;5000
204;1;1;469;Frozen;0
205;1;1;1383;Frozen;1000
206;2;1;955;Frozen;1000
207;1;1;878;Frozen;1000
208;2;1;2946;Frozen;3000
209;1;1;1859;Frozen;2000
210;2;1;864;Frozen;1000
211;1;1;1801;Frozen;2000
212;2;1;4736;Frozen;5000
213;1;1;1291;Frozen;1000
214;1;1;1329;Frozen;1000
215;2;1;913;Frozen;1000
216;1;1;1374;Frozen;1000
217;2;1;179;Frozen;0
218;1;1;2532;Frozen;3000
219;2;1;1285;Frozen;1000
220;1;1;2306;Frozen;2000
221;1;1;1765;Frozen;2000
222;1;1;91;Frozen;0
223;1;1;7496;Frozen;7000
224;2;1;5612;Frozen;6000
225;1;1;784;Frozen;1000
226;1;1;660;Frozen;1000
227;2;1;1759;Frozen;2000
228;1;1;2286;Frozen;2000
229;1;1;950;Frozen;1000
230;1;1;6845;Frozen;7000
231;2;1;8321;Frozen;8000
232;1;1;1439;Frozen;1000
233;1;1;638;Frozen;1000
234;1;1;937;Frozen;1000
235;1;1;4260;Frozen;4000
236;1;1;1218;Frozen;1000
237;1;1;2312;Frozen;2000
238;1;1;4634;Frozen;5000
239;1;1;1112;Frozen;1000
240;1;1;5243;Frozen;5000
241;1;1;11422;Frozen;11000
242;1;1;2216;Frozen;2000
243;1;1;3752;Frozen;4000
244;1;1;561;Frozen;1000
245;1;1;1183;Frozen;1000
246;2;1;230;Frozen;0
247;1;1;1777;Frozen;2000
248;1;1;2077;Frozen;2000
249;1;1;559;Frozen;1000
250;1;1;6340;Frozen;6000
251;1;1;1730;Frozen;2000
252;2;1;6746;Frozen;7000
253;1;1;7683;Frozen;8000
254;1;1;432;Frozen;0
255;1;1;4686;Frozen;5000
256;1;1;3242;Frozen;3000
257;1;1;453;Frozen;0
258;1;1;5004;Frozen;5000
259;1;1;6422;Frozen;6000
260;1;1;3012;Frozen;3000
261;1;1;327;Frozen;0
262;1;1;6818;Frozen;7000
263;1;1;982;Frozen;1000
264;1;1;4324;Frozen;4000
265;2;1;61;Frozen;0
266;1;1;10155;Frozen;10000
267;2;1;2221;Frozen;2000
268;1;1;3975;Frozen;4000
269;2;1;1069;Frozen;1000
270;1;1;2516;Frozen;3000
271;1;1;5500;Frozen;6000
272;1;1;1120;Frozen;1000
273;1;1;529;Frozen;1000
274;1;3;4802;Frozen;5000
275;1;3;744;Frozen;1000
276;1;3;862;Frozen;1000
277;1;3;4479;Frozen;4000
278;1;3;16919;Frozen;17000
279;1;3;5845;Frozen;6000
280;2;3;1293;Frozen;1000
281;1;3;977;Frozen;1000
282;2;3;1093;Frozen;1000
283;1;3;5970;Frozen;6000
284;1;3;10303;Frozen;10000
285;1;3;8692;Frozen;9000
286;1;3;1042;Frozen;1000
287;1;3;1619;Frozen;2000
288;1;3;8366;Frozen;8000
289;1;3;848;Frozen;1000
290;1;3;1388;Frozen;1000
291;1;3;502;Frozen;1000
292;1;3;2507;Frozen;3000
293;1;3;3838;Frozen;4000
294;2;2;902;Frozen;1000
295;1;2;909;Frozen;1000
296;2;2;417;Frozen;0
297;1;2;3045;Frozen;3000
298;2;2;1455;Frozen;1000
299;2;2;934;Frozen;1000
300;1;2;264;Frozen;0
301;2;2;824;Frozen;1000
302;2;2;1809;Frozen;2000
303;2;2;364;Frozen;0
304;2;2;492;Frozen;0
305;2;2;617;Frozen;1000
306;2;2;799;Frozen;1000
307;2;2;1840;Frozen;2000
308;1;2;1149;Frozen;1000
309;1;2;416;Frozen;0
310;2;2;1465;Frozen;1000
311;1;2;12569;Frozen;13000
312;1;2;3046;Frozen;3000
313;2;2;1274;Frozen;1000
314;1;2;4447;Frozen;4000
315;1;2;1483;Frozen;1000
316;2;2;662;Frozen;1000
317;1;2;2679;Frozen;3000
318;1;2;978;Frozen;1000
319;1;2;2121;Frozen;2000
320;2;2;1128;Frozen;1000
321;1;2;514;Frozen;1000
322;1;2;2714;Frozen;3000
323;1;2;3703;Frozen;4000
324;1;2;915;Frozen;1000
325;1;2;2369;Frozen;2000
326;1;2;60869;Frozen;61000
327;1;2;3498;Frozen;3000
328;1;2;414;Frozen;0
329;1;2;7849;Frozen;8000
330;1;2;5127;Frozen;5000
331;1;2;3570;Frozen;4000
332;2;2;1234;Frozen;1000
333;1;2;2208;Frozen;2000
334;2;2;131;Frozen;0
335;2;2;11559;Frozen;12000
336;2;2;1365;Frozen;1000
337;1;2;650;Frozen;1000
338;1;2;8170;Frozen;8000
339;1;2;15601;Frozen;16000
340;1;2;9584;Frozen;10000
341;2;3;388;Frozen;0
342;2;3;767;Frozen;1000
343;1;3;349;Frozen;0
344;2;3;1456;Frozen;1000
345;1;3;2234;Frozen;2000
346;1;3;402;Frozen;0
347;2;3;2693;Frozen;3000
348;2;3;2809;Frozen;3000
349;1;3;1341;Frozen;1000
350;2;3;2005;Frozen;2000
351;1;3;1796;Frozen;2000
352;2;3;1741;Frozen;2000
353;1;3;830;Frozen;1000
354;2;3;228;Frozen;0
355;1;3;6386;Frozen;6000
356;1;3;245;Frozen;0
357;1;3;3157;Frozen;3000
358;2;3;137;Frozen;0
359;1;3;6114;Frozen;6000
360;1;3;340;Frozen;0
361;1;3;2601;Frozen;3000
362;1;3;1206;Frozen;1000
363;1;3;560;Frozen;1000
364;1;3;191;Frozen;0
365;1;3;1103;Frozen;1000
366;2;3;1619;Frozen;2000
367;1;3;1173;Frozen;1000
368;1;3;1457;Frozen;1000
369;1;3;2046;Frozen;2000
370;1;3;1089;Frozen;1000
371;2;3;1364;Frozen;1000
372;1;3;8164;Frozen;8000
373;1;3;876;Frozen;1000
374;2;3;1504;Frozen;2000
375;1;3;1492;Frozen;1000
376;1;3;597;Frozen;1000
377;2;3;5641;Frozen;6000
378;1;3;1034;Frozen;1000
379;1;3;282;Frozen;0
380;2;3;130;Frozen;0
381;1;3;3881;Frozen;4000
382;1;3;9927;Frozen;10000
383;1;3;2540;Frozen;3000
384;1;3;4006;Frozen;4000
385;1;3;3635;Frozen;4000
386;1;3;2583;Frozen;3000
387;1;3;1945;Frozen;2000
388;1;3;1960;Frozen;2000
389;1;3;1677;Frozen;2000
390;1;3;3019;Frozen;3000
391;1;3;5502;Frozen;6000
392;1;3;907;Frozen;1000
393;1;3;659;Frozen;1000
394;1;3;8620;Frozen;9000
395;1;3;1398;Frozen;1000
396;1;3;2921;Frozen;3000
397;2;3;2644;Frozen;3000
398;1;3;6838;Frozen;7000
399;1;3;5390;Frozen;5000
400;1;3;1601;Frozen;2000
401;1;3;3576;Frozen;4000
402;1;3;13223;Frozen;13000
403;1;3;220;Frozen;0
404;1;3;127;Frozen;0
405;1;3;4324;Frozen;4000
406;1;3;2069;Frozen;2000
407;1;3;9806;Frozen;10000
408;2;3;2854;Frozen;3000
409;2;3;1646;Frozen;2000
410;1;3;2349;Frozen;2000
411;1;3;1389;Frozen;1000
412;1;3;1535;Frozen;2000
413;1;3;98;Frozen;0
414;1;3;17866;Frozen;18000
415;1;3;5679;Frozen;6000
416;2;3;1691;Frozen;2000
417;2;3;848;Frozen;1000
418;1;3;364;Frozen;0
419;2;3;133;Frozen;0
420;1;3;633;Frozen;1000
421;1;3;25;Frozen;0
422;2;3;1031;Frozen;1000
423;1;3;830;Frozen;1000
424;2;3;1059;Frozen;1000
425;2;3;874;Frozen;1000
426;1;3;15348;Frozen;15000
427;1;3;3141;Frozen;3000
428;1;3;15082;Frozen;15000
429;1;3;2198;Frozen;2000
430;1;3;47;Frozen;0
431;1;3;575;Frozen;1000
432;1;3;13486;Frozen;13000
433;1;3;269;Frozen;0
434;1;3;1541;Frozen;2000
435;1;3;688;Frozen;1000
436;1;3;13135;Frozen;13000
437;1;3;4510;Frozen;5000
438;2;3;437;Frozen;0
439;1;3;1038;Frozen;1000
440;1;3;65;Frozen;0
1;2;3;2674;Paper;3000
2;2;3;3293;Paper;3000
3;2;3;3516;Paper;4000
4;1;3;507;Paper;1000
5;2;3;1777;Paper;2000
6;2;3;1795;Paper;2000
7;2;3;3140;Paper;3000
8;2;3;3321;Paper;3000
9;1;3;1716;Paper;2000
10;2;3;7425;Paper;7000
11;2;3;5977;Paper;6000
12;2;3;549;Paper;1000
13;2;3;3881;Paper;4000
14;2;3;6707;Paper;7000
15;2;3;5058;Paper;5000
16;1;3;964;Paper;1000
17;2;3;4508;Paper;5000
18;1;3;370;Paper;0
19;2;3;2767;Paper;3000
20;1;3;2518;Paper;3000
21;2;3;2259;Paper;2000
22;1;3;375;Paper;0
23;1;3;2381;Paper;2000
24;2;3;4337;Paper;4000
25;2;3;4482;Paper;4000
26;2;3;4003;Paper;4000
27;1;3;242;Paper;0
28;1;3;100;Paper;0
29;2;3;8604;Paper;9000
30;1;3;1107;Paper;1000
31;1;3;2134;Paper;2000
32;1;3;820;Paper;1000
33;1;3;918;Paper;1000
34;1;3;361;Paper;0
35;1;3;483;Paper;0
36;2;3;4239;Paper;4000
37;1;3;862;Paper;1000
38;2;3;6506;Paper;7000
39;2;3;6956;Paper;7000
40;1;3;212;Paper;0
41;1;3;1145;Paper;1000
42;1;3;2575;Paper;3000
43;2;3;6899;Paper;7000
44;2;3;9529;Paper;10000
45;2;3;4618;Paper;5000
46;2;3;7353;Paper;7000
47;2;3;6792;Paper;7000
48;2;3;24171;Paper;24000
49;2;3;5121;Paper;5000
50;2;3;13583;Paper;14000
51;1;3;609;Paper;1000
52;1;3;1538;Paper;2000
53;2;3;2587;Paper;3000
54;2;3;5611;Paper;6000
55;1;3;204;Paper;0
56;1;3;2024;Paper;2000
57;2;3;17740;Paper;18000
58;2;3;7572;Paper;8000
59;1;3;227;Paper;0
60;1;3;3084;Paper;3000
61;2;3;4095;Paper;4000
62;2;3;26701;Paper;27000
63;2;3;4074;Paper;4000
64;2;3;7677;Paper;8000
65;1;3;1247;Paper;1000
66;2;3;24231;Paper;24000
67;1;3;3468;Paper;3000
68;2;3;5141;Paper;5000
69;1;3;788;Paper;1000
70;1;3;656;Paper;1000
71;1;3;116;Paper;0
72;1;3;4173;Paper;4000
73;1;3;1321;Paper;1000
74;2;3;764;Paper;1000
75;2;3;1901;Paper;2000
76;1;3;3;Paper;0
77;1;3;529;Paper;1000
78;2;3;12034;Paper;12000
79;1;3;301;Paper;0
80;1;3;1202;Paper;1000
81;1;3;610;Paper;1000
82;2;3;7818;Paper;8000
83;2;3;3537;Paper;4000
84;1;3;550;Paper;1000
85;2;3;3837;Paper;4000
86;2;3;40827;Paper;41000
87;2;3;20070;Paper;20000
88;1;3;1579;Paper;2000
89;1;3;165;Paper;0
90;1;3;454;Paper;0
91;1;3;69;Paper;0
92;1;3;627;Paper;1000
93;2;3;18906;Paper;19000
94;1;3;71;Paper;0
95;2;3;5038;Paper;5000
96;1;3;223;Paper;0
97;2;3;3874;Paper;4000
98;1;3;54;Paper;0
99;1;3;56;Paper;0
100;1;3;215;Paper;0
101;2;3;8035;Paper;8000
102;2;3;6766;Paper;7000
103;2;3;4573;Paper;5000
104;1;3;1480;Paper;1000
105;1;3;1491;Paper;1000
106;1;3;139;Paper;0
107;2;3;6830;Paper;7000
108;2;3;8969;Paper;9000
109;2;3;2505;Paper;3000
110;2;3;836;Paper;1000
111;1;3;169;Paper;0
112;2;3;6457;Paper;6000
113;1;3;483;Paper;0
114;1;3;585;Paper;1000
115;1;3;118;Paper;0
116;1;3;276;Paper;0
117;1;3;310;Paper;0
118;1;3;319;Paper;0
119;1;3;411;Paper;0
120;1;3;266;Paper;0
121;1;3;174;Paper;0
122;1;3;264;Paper;0
123;1;3;25;Paper;0
124;2;3;1976;Paper;2000
125;1;3;500;Paper;1000
126;1;3;778;Paper;1000
127;1;3;349;Paper;0
128;2;3;2386;Paper;2000
129;1;3;1062;Paper;1000
130;1;3;410;Paper;0
131;1;3;395;Paper;0
132;1;3;70;Paper;0
133;1;3;955;Paper;1000
134;1;3;256;Paper;0
135;1;3;47;Paper;0
136;1;3;199;Paper;0
137;1;3;2447;Paper;2000
138;1;3;721;Paper;1000
139;1;3;249;Paper;0
140;1;3;637;Paper;1000
141;1;3;960;Paper;1000
142;1;3;51;Paper;0
143;1;3;20;Paper;0
144;1;3;399;Paper;0
145;1;3;516;Paper;1000
146;2;3;12591;Paper;13000
147;1;3;73;Paper;0
148;1;3;1082;Paper;1000
149;1;3;283;Paper;0
150;1;3;113;Paper;0
151;1;3;170;Paper;0
152;1;3;255;Paper;0
153;1;3;352;Paper;0
154;1;3;302;Paper;0
155;1;3;7;Paper;0
156;2;3;11577;Paper;12000
157;2;3;6694;Paper;7000
158;1;3;811;Paper;1000
159;2;3;4004;Paper;4000
160;2;3;8077;Paper;8000
161;2;3;4424;Paper;4000
162;1;3;3;Paper;0
163;1;3;232;Paper;0
164;2;3;13726;Paper;14000
165;2;3;3674;Paper;4000
166;2;3;7108;Paper;7000
167;2;3;4973;Paper;5000
168;1;3;1680;Paper;2000
169;1;3;79;Paper;0
170;1;3;69;Paper;0
171;2;3;7015;Paper;7000
172;2;3;8773;Paper;9000
173;1;3;2840;Paper;3000
174;2;3;9836;Paper;10000
175;1;3;153;Paper;0
176;2;3;4196;Paper;4000
177;1;3;1532;Paper;2000
178;1;3;20;Paper;0
179;1;3;120;Paper;0
180;1;3;273;Paper;0
181;1;3;1382;Paper;1000
182;1;3;4948;Paper;5000
183;1;3;6907;Paper;7000
184;1;3;239;Paper;0
185;1;3;334;Paper;0
186;1;3;58;Paper;0
187;1;3;949;Paper;1000
188;1;3;3459;Paper;3000
189;2;3;6839;Paper;7000
190;2;3;4027;Paper;4000
191;1;3;118;Paper;0
192;1;3;43;Paper;0
193;1;3;187;Paper;0
194;2;3;5618;Paper;6000
195;1;3;355;Paper;0
196;1;3;330;Paper;0
197;1;1;763;Paper;1000
198;2;1;4314;Paper;4000
199;1;1;592;Paper;1000
200;1;1;402;Paper;0
201;2;1;9959;Paper;10000
202;2;1;14235;Paper;14000
203;1;1;284;Paper;0
204;1;1;954;Paper;1000
205;1;1;5;Paper;0
206;2;1;9265;Paper;9000
207;1;1;288;Paper;0
208;2;1;5316;Paper;5000
209;1;1;3381;Paper;3000
210;2;1;12420;Paper;12000
211;1;1;244;Paper;0
212;2;1;19410;Paper;19000
213;1;1;240;Paper;0
214;1;1;3961;Paper;4000
215;2;1;5957;Paper;6000
216;1;1;5828;Paper;6000
217;2;1;13308;Paper;13000
218;1;1;130;Paper;0
219;2;1;4797;Paper;5000
220;1;1;86;Paper;0
221;1;1;56;Paper;0
222;1;1;4167;Paper;4000
223;1;1;256;Paper;0
224;2;1;788;Paper;1000
225;1;1;70;Paper;0
226;1;1;761;Paper;1000
227;2;1;2568;Paper;3000
228;1;1;263;Paper;0
229;1;1;4762;Paper;5000
230;1;1;694;Paper;1000
231;2;1;955;Paper;1000
232;1;1;1566;Paper;2000
233;1;1;284;Paper;0
234;1;1;409;Paper;0
235;1;1;325;Paper;0
236;1;1;1216;Paper;1000
237;1;1;415;Paper;0
238;1;1;28;Paper;0
239;1;1;72;Paper;0
240;1;1;828;Paper;1000
241;1;1;343;Paper;0
242;1;1;412;Paper;0
243;1;1;586;Paper;1000
244;1;1;1682;Paper;2000
245;1;1;3143;Paper;3000
246;2;1;8933;Paper;9000
247;1;1;430;Paper;0
248;1;1;44;Paper;0
249;1;1;562;Paper;1000
250;1;1;918;Paper;1000
251;1;1;234;Paper;0
252;2;1;18594;Paper;19000
253;1;1;205;Paper;0
254;1;1;363;Paper;0
255;1;1;1547;Paper;2000
256;1;1;111;Paper;0
257;1;1;392;Paper;0
258;1;1;3593;Paper;4000
259;1;1;730;Paper;1000
260;1;1;967;Paper;1000
261;1;1;780;Paper;1000
262;1;1;49;Paper;0
263;1;1;429;Paper;0
264;1;1;2894;Paper;3000
265;2;1;5980;Paper;6000
266;1;1;830;Paper;1000
267;2;1;4882;Paper;5000
268;1;1;737;Paper;1000
269;2;1;6374;Paper;6000
270;1;1;333;Paper;0
271;1;1;197;Paper;0
272;1;1;147;Paper;0
273;1;1;93;Paper;0
274;1;3;210;Paper;0
275;1;3;759;Paper;1000
276;1;3;96;Paper;0
277;1;3;603;Paper;1000
278;1;3;621;Paper;1000
279;1;3;274;Paper;0
280;2;3;3620;Paper;4000
281;1;3;167;Paper;0
282;2;3;2328;Paper;2000
283;1;3;1041;Paper;1000
284;1;3;314;Paper;0
285;1;3;751;Paper;1000
286;1;3;436;Paper;0
287;1;3;1226;Paper;1000
288;1;3;386;Paper;0
289;1;3;445;Paper;0
290;1;3;32;Paper;0
291;1;3;965;Paper;1000
292;1;3;212;Paper;0
293;1;3;825;Paper;1000
294;2;2;5952;Paper;6000
295;1;2;811;Paper;1000
296;2;2;2208;Paper;2000
297;1;2;710;Paper;1000
298;2;2;3712;Paper;4000
299;2;2;4538;Paper;5000
300;1;2;290;Paper;0
301;2;2;2662;Paper;3000
302;2;2;8752;Paper;9000
303;2;2;6236;Paper;6000
304;2;2;10069;Paper;10000
305;2;2;11783;Paper;12000
306;2;2;3909;Paper;4000
307;2;2;7558;Paper;8000
308;1;2;351;Paper;0
309;1;2;257;Paper;0
310;2;2;6846;Paper;7000
311;1;2;299;Paper;0
312;1;2;371;Paper;0
313;2;2;17120;Paper;17000
314;1;2;183;Paper;0
315;1;2;857;Paper;1000
316;2;2;3891;Paper;4000
317;1;2;83;Paper;0
318;1;2;821;Paper;1000
319;1;2;706;Paper;1000
320;2;2;12408;Paper;12000
321;1;2;275;Paper;0
322;1;2;228;Paper;0
323;1;2;1470;Paper;1000
324;1;2;1679;Paper;2000
325;1;2;140;Paper;0
326;1;2;1272;Paper;1000
327;1;2;387;Paper;0
328;1;2;88;Paper;0
329;1;2;210;Paper;0
330;1;2;492;Paper;0
331;1;2;182;Paper;0
332;2;2;9606;Paper;10000
333;1;2;178;Paper;0
334;2;2;38102;Paper;38000
335;2;2;332;Paper;0
336;2;2;4111;Paper;4000
337;1;2;146;Paper;0
338;1;2;442;Paper;0
339;1;2;15;Paper;0
340;1;2;573;Paper;1000
341;2;3;7271;Paper;7000
342;2;3;5162;Paper;5000
343;1;3;4595;Paper;5000
344;2;3;15469;Paper;15000
345;1;3;217;Paper;0
346;1;3;3843;Paper;4000
347;2;3;6600;Paper;7000
348;2;3;4621;Paper;5000
349;1;3;1184;Paper;1000
350;2;3;12218;Paper;12000
351;1;3;173;Paper;0
352;2;3;12638;Paper;13000
353;1;3;90;Paper;0
354;2;3;8682;Paper;9000
355;1;3;1333;Paper;1000
356;1;3;184;Paper;0
357;1;3;9;Paper;0
358;2;3;6747;Paper;7000
359;1;3;536;Paper;1000
360;1;3;232;Paper;0
361;1;3;468;Paper;0
362;1;3;159;Paper;0
363;1;3;179;Paper;0
364;1;3;1335;Paper;1000
365;1;3;514;Paper;1000
366;2;3;4515;Paper;5000
367;1;3;222;Paper;0
368;1;3;252;Paper;0
369;1;3;101;Paper;0
370;1;3;41;Paper;0
371;2;3;523;Paper;1000
372;1;3;716;Paper;1000
373;1;3;397;Paper;0
374;2;3;1916;Paper;2000
375;1;3;311;Paper;0
376;1;3;476;Paper;0
377;2;3;4666;Paper;5000
378;1;3;96;Paper;0
379;1;3;68;Paper;0
380;2;3;813;Paper;1000
381;1;3;600;Paper;1000
382;1;3;246;Paper;0
383;1;3;1711;Paper;2000
384;1;3;397;Paper;0
385;1;3;282;Paper;0
386;1;3;192;Paper;0
387;1;3;353;Paper;0
388;1;3;231;Paper;0
389;1;3;200;Paper;0
390;1;3;227;Paper;0
391;1;3;311;Paper;0
392;1;3;95;Paper;0
393;1;3;122;Paper;0
394;1;3;385;Paper;0
395;1;3;149;Paper;0
396;1;3;841;Paper;1000
397;2;3;3378;Paper;3000
398;1;3;64;Paper;0
399;1;3;74;Paper;0
400;1;3;469;Paper;0
401;1;3;153;Paper;0
402;1;3;92;Paper;0
403;1;3;10;Paper;0
404;1;3;632;Paper;1000
405;1;3;914;Paper;1000
406;1;3;593;Paper;1000
407;1;3;1092;Paper;1000
408;2;3;7883;Paper;8000
409;2;3;2730;Paper;3000
410;1;3;2123;Paper;2000
411;1;3;1860;Paper;2000
412;1;3;235;Paper;0
413;1;3;2970;Paper;3000
414;1;3;912;Paper;1000
415;1;3;1135;Paper;1000
416;2;3;3540;Paper;4000
417;2;3;6728;Paper;7000
418;1;3;3485;Paper;3000
419;2;3;6740;Paper;7000
420;1;3;1580;Paper;2000
421;1;3;6818;Paper;7000
422;2;3;3415;Paper;3000
423;1;3;948;Paper;1000
424;2;3;1803;Paper;2000
425;2;3;3213;Paper;3000
426;1;3;108;Paper;0
427;1;3;5079;Paper;5000
428;1;3;439;Paper;0
429;1;3;850;Paper;1000
430;1;3;84;Paper;0
431;1;3;241;Paper;0
432;1;3;1377;Paper;1000
433;1;3;1328;Paper;1000
434;1;3;356;Paper;0
435;1;3;2371;Paper;2000
436;1;3;182;Paper;0
437;1;3;93;Paper;0
438;2;3;14841;Paper;15000
439;1;3;168;Paper;0
440;1;3;477;Paper;0
1;2;3;1338;Icecream;1000
2;2;3;1776;Icecream;2000
3;2;3;7844;Icecream;8000
4;1;3;1788;Icecream;2000
5;2;3;5185;Icecream;5000
6;2;3;1451;Icecream;1000
7;2;3;545;Icecream;1000
8;2;3;2566;Icecream;3000
9;1;3;750;Icecream;1000
10;2;3;2098;Icecream;2000
11;2;3;1744;Icecream;2000
12;2;3;497;Icecream;0
13;2;3;2931;Icecream;3000
14;2;3;602;Icecream;1000
15;2;3;2168;Icecream;2000
16;1;3;412;Icecream;0
17;2;3;1080;Icecream;1000
18;1;3;4478;Icecream;4000
19;2;3;3181;Icecream;3000
20;1;3;501;Icecream;1000
21;2;3;2124;Icecream;2000
22;1;3;569;Icecream;1000
23;1;3;4334;Icecream;4000
24;2;3;16523;Icecream;17000
25;2;3;5778;Icecream;6000
26;2;3;57;Icecream;0
27;1;3;833;Icecream;1000
28;1;3;518;Icecream;1000
29;2;3;5206;Icecream;5000
30;1;3;823;Icecream;1000
31;1;3;2963;Icecream;3000
32;1;3;985;Icecream;1000
33;1;3;405;Icecream;0
34;1;3;1083;Icecream;1000
35;1;3;395;Icecream;0
36;2;3;436;Icecream;0
37;1;3;4626;Icecream;5000
38;2;3;714;Icecream;1000
39;2;3;433;Icecream;0
40;1;3;2916;Icecream;3000
41;1;3;5864;Icecream;6000
42;1;3;2802;Icecream;3000
43;2;3;46;Icecream;0
44;2;3;72;Icecream;0
45;2;3;65;Icecream;0
46;2;3;4985;Icecream;5000
47;2;3;1452;Icecream;1000
48;2;3;6465;Icecream;6000
49;2;3;1476;Icecream;1000
50;2;3;1163;Icecream;1000
51;1;3;2162;Icecream;2000
52;1;3;301;Icecream;0
53;2;3;1278;Icecream;1000
54;2;3;224;Icecream;0
55;1;3;1333;Icecream;1000
56;1;3;1130;Icecream;1000
57;2;3;1340;Icecream;1000
58;2;3;1282;Icecream;1000
59;1;3;436;Icecream;0
60;1;3;1603;Icecream;2000
61;2;3;225;Icecream;0
62;2;3;2017;Icecream;2000
63;2;3;964;Icecream;1000
64;2;3;1295;Icecream;1000
65;1;3;1145;Icecream;1000
66;2;3;1423;Icecream;1000
67;1;3;27;Icecream;0
68;2;3;834;Icecream;1000
69;1;3;3095;Icecream;3000
70;1;3;144;Icecream;0
71;1;3;1365;Icecream;1000
72;1;3;14472;Icecream;14000
73;1;3;181;Icecream;0
74;2;3;648;Icecream;1000
75;2;3;1780;Icecream;2000
76;1;3;975;Icecream;1000
77;1;3;894;Icecream;1000
78;2;3;1009;Icecream;1000
79;1;3;167;Icecream;0
80;1;3;1653;Icecream;2000
81;1;3;529;Icecream;1000
82;2;3;156;Icecream;0
83;2;3;2342;Icecream;2000
84;1;3;772;Icecream;1000
85;2;3;120;Icecream;0
86;2;3;2944;Icecream;3000
87;2;3;903;Icecream;1000
88;1;3;14351;Icecream;14000
89;1;3;46;Icecream;0
90;1;3;3178;Icecream;3000
91;1;3;360;Icecream;0
92;1;3;1117;Icecream;1000
93;2;3;5130;Icecream;5000
94;1;3;2698;Icecream;3000
95;2;3;244;Icecream;0
96;1;3;709;Icecream;1000
97;2;3;217;Icecream;0
98;1;3;63;Icecream;0
99;1;3;132;Icecream;0
100;1;3;323;Icecream;0
101;2;3;3029;Icecream;3000
102;2;3;1838;Icecream;2000
103;2;3;1386;Icecream;1000
104;1;3;2498;Icecream;2000
105;1;3;548;Icecream;1000
106;1;3;1378;Icecream;1000
107;2;3;1831;Icecream;2000
108;2;3;1438;Icecream;1000
109;2;3;1236;Icecream;1000
110;2;3;3;Icecream;0
111;1;3;1647;Icecream;2000
112;2;3;1519;Icecream;2000
113;1;3;2708;Icecream;3000
114;1;3;1561;Icecream;2000
115;1;3;1266;Icecream;1000
116;1;3;610;Icecream;1000
117;1;3;222;Icecream;0
118;1;3;1160;Icecream;1000
119;1;3;933;Icecream;1000
120;1;3;635;Icecream;1000
121;1;3;1136;Icecream;1000
122;1;3;255;Icecream;0
123;1;3;860;Icecream;1000
124;2;3;143;Icecream;0
125;1;3;1621;Icecream;2000
126;1;3;918;Icecream;1000
127;1;3;483;Icecream;0
128;2;3;2749;Icecream;3000
129;1;3;3;Icecream;0
130;1;3;1819;Icecream;2000
131;1;3;911;Icecream;1000
132;1;3;310;Icecream;0
133;1;3;328;Icecream;0
134;1;3;396;Icecream;0
135;1;3;537;Icecream;1000
136;1;3;326;Icecream;0
137;1;3;1542;Icecream;2000
138;1;3;36;Icecream;0
139;1;3;3271;Icecream;3000
140;1;3;929;Icecream;1000
141;1;3;2616;Icecream;3000
142;1;3;1450;Icecream;1000
143;1;3;3;Icecream;0
144;1;3;318;Icecream;0
145;1;3;201;Icecream;0
146;2;3;4430;Icecream;4000
147;1;3;520;Icecream;1000
148;1;3;526;Icecream;1000
149;1;3;434;Icecream;0
150;1;3;1440;Icecream;1000
151;1;3;1067;Icecream;1000
152;1;3;1774;Icecream;2000
153;1;3;184;Icecream;0
154;1;3;1627;Icecream;2000
155;1;3;8;Icecream;0
156;2;3;2153;Icecream;2000
157;2;3;3182;Icecream;3000
158;1;3;418;Icecream;0
159;2;3;1682;Icecream;2000
160;2;3;303;Icecream;0
161;2;3;2157;Icecream;2000
162;1;3;2233;Icecream;2000
163;1;3;610;Icecream;1000
164;2;3;446;Icecream;0
165;2;3;238;Icecream;0
166;2;3;2379;Icecream;2000
167;2;3;3637;Icecream;4000
168;1;3;693;Icecream;1000
169;1;3;429;Icecream;0
170;1;3;750;Icecream;1000
171;2;3;323;Icecream;0
172;2;3;6250;Icecream;6000
173;1;3;707;Icecream;1000
174;2;3;716;Icecream;1000
175;1;3;1442;Icecream;1000
176;2;3;1697;Icecream;2000
177;1;3;230;Icecream;0
178;1;3;2631;Icecream;3000
179;1;3;395;Icecream;0
180;1;3;2165;Icecream;2000
181;1;3;2794;Icecream;3000
182;1;3;8550;Icecream;9000
183;1;3;156;Icecream;0
184;1;3;47943;Icecream;48000
185;1;3;11;Icecream;0
186;1;3;247;Icecream;0
187;1;3;727;Icecream;1000
188;1;3;3;Icecream;0
189;2;3;404;Icecream;0
190;2;3;1856;Icecream;2000
191;1;3;64;Icecream;0
192;1;3;84;Icecream;0
193;1;3;409;Icecream;0
194;2;3;666;Icecream;1000
195;1;3;1142;Icecream;1000
196;1;3;1755;Icecream;2000
197;1;1;2876;Icecream;3000
198;2;1;1468;Icecream;1000
199;1;1;697;Icecream;1000
200;1;1;347;Icecream;0
201;2;1;731;Icecream;1000
202;2;1;1681;Icecream;2000
203;1;1;6854;Icecream;7000
204;1;1;18;Icecream;0
205;1;1;1328;Icecream;1000
206;2;1;710;Icecream;1000
207;1;1;285;Icecream;0
208;2;1;120;Icecream;0
209;1;1;806;Icecream;1000
210;2;1;797;Icecream;1000
211;1;1;2100;Icecream;2000
212;2;1;2870;Icecream;3000
213;1;1;1775;Icecream;2000
214;1;1;1215;Icecream;1000
215;2;1;791;Icecream;1000
216;1;1;2388;Icecream;2000
217;2;1;674;Icecream;1000
218;1;1;1158;Icecream;1000
219;2;1;6372;Icecream;6000
220;1;1;130;Icecream;0
221;1;1;749;Icecream;1000
222;1;1;239;Icecream;0
223;1;1;375;Icecream;0
224;2;1;1360;Icecream;1000
225;1;1;659;Icecream;1000
226;1;1;786;Icecream;1000
227;2;1;1553;Icecream;2000
228;1;1;689;Icecream;1000
229;1;1;203;Icecream;0
230;1;1;980;Icecream;1000
231;2;1;2137;Icecream;2000
232;1;1;490;Icecream;0
233;1;1;834;Icecream;1000
234;1;1;7;Icecream;0
235;1;1;2563;Icecream;3000
236;1;1;295;Icecream;0
237;1;1;225;Icecream;0
238;1;1;1215;Icecream;1000
239;1;1;216;Icecream;0
240;1;1;2253;Icecream;2000
241;1;1;2564;Icecream;3000
242;1;1;1047;Icecream;1000
243;1;1;578;Icecream;1000
244;1;1;2398;Icecream;2000
245;1;1;1970;Icecream;2000
246;2;1;2784;Icecream;3000
247;1;1;610;Icecream;1000
248;1;1;659;Icecream;1000
249;1;1;572;Icecream;1000
250;1;1;291;Icecream;0
251;1;1;710;Icecream;1000
252;2;1;5121;Icecream;5000
253;1;1;1693;Icecream;2000
254;1;1;1391;Icecream;1000
255;1;1;3265;Icecream;3000
256;1;1;615;Icecream;1000
257;1;1;373;Icecream;0
258;1;1;987;Icecream;1000
259;1;1;3321;Icecream;3000
260;1;1;818;Icecream;1000
261;1;1;548;Icecream;1000
262;1;1;287;Icecream;0
263;1;1;655;Icecream;1000
264;1;1;411;Icecream;0
265;2;1;1265;Icecream;1000
266;1;1;3636;Icecream;4000
267;2;1;2563;Icecream;3000
268;1;1;3628;Icecream;4000
269;2;1;698;Icecream;1000
270;1;1;204;Icecream;0
271;1;1;56;Icecream;0
272;1;1;1550;Icecream;2000
273;1;1;1040;Icecream;1000
274;1;3;1824;Icecream;2000
275;1;3;1153;Icecream;1000
276;1;3;379;Icecream;0
277;1;3;2503;Icecream;3000
278;1;3;139;Icecream;0
279;1;3;1409;Icecream;1000
280;2;3;1721;Icecream;2000
281;1;3;1104;Icecream;1000
282;2;3;2079;Icecream;2000
283;1;3;1404;Icecream;1000
284;1;3;1384;Icecream;1000
285;1;3;2406;Icecream;2000
286;1;3;18;Icecream;0
287;1;3;128;Icecream;0
288;1;3;1027;Icecream;1000
289;1;3;258;Icecream;0
290;1;3;22;Icecream;0
291;1;3;1522;Icecream;2000
292;1;3;686;Icecream;1000
293;1;3;1060;Icecream;1000
294;2;2;741;Icecream;1000
295;1;2;1854;Icecream;2000
296;2;2;254;Icecream;0
297;1;2;898;Icecream;1000
298;2;2;531;Icecream;1000
299;2;2;1037;Icecream;1000
300;1;2;259;Icecream;0
301;2;2;2005;Icecream;2000
302;2;2;172;Icecream;0
303;2;2;555;Icecream;1000
304;2;2;59;Icecream;0
305;2;2;2410;Icecream;2000
306;2;2;211;Icecream;0
307;2;2;1543;Icecream;2000
308;1;2;925;Icecream;1000
309;1;2;656;Icecream;1000
310;2;2;806;Icecream;1000
311;1;2;1117;Icecream;1000
312;1;2;117;Icecream;0
313;2;2;142;Icecream;0
314;1;2;297;Icecream;0
315;1;2;1233;Icecream;1000
316;2;2;3508;Icecream;4000
317;1;2;1059;Icecream;1000
318;1;2;1637;Icecream;2000
319;1;2;51;Icecream;0
320;2;2;1625;Icecream;2000
321;1;2;834;Icecream;1000
322;1;2;1113;Icecream;1000
323;1;2;229;Icecream;0
324;1;2;573;Icecream;1000
325;1;2;1092;Icecream;1000
326;1;2;5609;Icecream;6000
327;1;2;834;Icecream;1000
328;1;2;522;Icecream;1000
329;1;2;1534;Icecream;2000
330;1;2;739;Icecream;1000
331;1;2;1043;Icecream;1000
332;2;2;1102;Icecream;1000
333;1;2;2602;Icecream;3000
334;2;2;1215;Icecream;1000
335;2;2;3486;Icecream;3000
336;2;2;2139;Icecream;2000
337;1;2;778;Icecream;1000
338;1;2;868;Icecream;1000
339;1;2;550;Icecream;1000
340;1;2;1942;Icecream;2000
341;2;3;1371;Icecream;1000
342;2;3;2158;Icecream;2000
343;1;3;1328;Icecream;1000
344;2;3;37;Icecream;0
345;1;3;379;Icecream;0
346;1;3;303;Icecream;0
347;2;3;1115;Icecream;1000
348;2;3;1022;Icecream;1000
349;1;3;665;Icecream;1000
350;2;3;445;Icecream;0
351;1;3;995;Icecream;1000
352;2;3;3137;Icecream;3000
353;1;3;195;Icecream;0
354;2;3;1111;Icecream;1000
355;1;3;2341;Icecream;2000
356;1;3;127;Icecream;0
357;1;3;548;Icecream;1000
358;2;3;110;Icecream;0
359;1;3;4100;Icecream;4000
360;1;3;776;Icecream;1000
361;1;3;503;Icecream;1000
362;1;3;405;Icecream;0
363;1;3;712;Icecream;1000
364;1;3;314;Icecream;0
365;1;3;468;Icecream;0
366;2;3;3105;Icecream;3000
367;1;3;447;Icecream;0
368;1;3;342;Icecream;0
369;1;3;558;Icecream;1000
370;1;3;296;Icecream;0
371;2;3;2235;Icecream;2000
372;1;3;790;Icecream;1000
373;1;3;4829;Icecream;5000
374;2;3;3113;Icecream;3000
375;1;3;686;Icecream;1000
376;1;3;70;Icecream;0
377;2;3;1426;Icecream;1000
378;1;3;1242;Icecream;1000
379;1;3;1114;Icecream;1000
380;2;3;179;Icecream;0
381;1;3;270;Icecream;0
382;1;3;532;Icecream;1000
383;1;3;2893;Icecream;3000
384;1;3;361;Icecream;0
385;1;3;5120;Icecream;5000
386;1;3;1068;Icecream;1000
387;1;3;967;Icecream;1000
388;1;3;961;Icecream;1000
389;1;3;406;Icecream;0
390;1;3;684;Icecream;1000
391;1;3;1000;Icecream;1000
392;1;3;1827;Icecream;2000
393;1;3;654;Icecream;1000
394;1;3;819;Icecream;1000
395;1;3;452;Icecream;0
396;1;3;290;Icecream;0
397;2;3;2213;Icecream;2000
398;1;3;743;Icecream;1000
399;1;3;247;Icecream;0
400;1;3;375;Icecream;0
401;1;3;1014;Icecream;1000
402;1;3;1902;Icecream;2000
403;1;3;340;Icecream;0
404;1;3;288;Icecream;0
405;1;3;715;Icecream;1000
406;1;3;378;Icecream;0
407;1;3;960;Icecream;1000
408;2;3;553;Icecream;1000
409;2;3;344;Icecream;0
410;1;3;5137;Icecream;5000
411;1;3;1892;Icecream;2000
412;1;3;4365;Icecream;4000
413;1;3;62;Icecream;0
414;1;3;2435;Icecream;2000
415;1;3;290;Icecream;0
416;2;3;1874;Icecream;2000
417;2;3;993;Icecream;1000
418;1;3;1063;Icecream;1000
419;2;3;776;Icecream;1000
420;1;3;1521;Icecream;2000
421;1;3;1393;Icecream;1000
422;2;3;1784;Icecream;2000
423;1;3;1218;Icecream;1000
424;2;3;668;Icecream;1000
425;2;3;249;Icecream;0
426;1;3;1886;Icecream;2000
427;1;3;1894;Icecream;2000
428;1;3;1163;Icecream;1000
429;1;3;317;Icecream;0
430;1;3;2501;Icecream;3000
431;1;3;2080;Icecream;2000
432;1;3;1498;Icecream;1000
433;1;3;395;Icecream;0
434;1;3;1449;Icecream;1000
435;1;3;838;Icecream;1000
436;1;3;2204;Icecream;2000
437;1;3;2346;Icecream;2000
438;2;3;1867;Icecream;2000
439;1;3;2125;Icecream;2000
440;1;3;52;Icecream;0